Level 1,Level 2,Level 3,Level 4,Full URL,Page Name,Writer,Status,Priority,Research Summary,Writer Brief Link,AI Brief Link,Target Keywords,Volume,Phase,Notes
Homepage,,,,https://www.topendsports.com/sport/betting/index.htm,Best Sports Betting Sites 2025,Lewis Humphries,Not Started,Critical,Best Sports Betting Sites 2025 (Betting Homepage).docx,Best Sports Betting Sites 2025.docx,AI ENHANCEMENT BRIEF Best Sports Betting Sites 2025 (Homepage).docx,"best sports betting sites, best online sportsbooks",2900,PHASE 1,Main hub - Week 1
,Comparison Pages,,,https://www.topendsports.com/sport/betting/best-apps.htm,Best Sports Betting Apps 2025,Lewis Humphries,Not Started,Critical,Research Summary Best Sports Betting Apps.docx,WRITER BRIEF Best Sports Betting Apps.docx,AI ENHANCEMENT BRIEF Best Sports Betting Apps.docx,sports betting apps,20000,PHASE 1,CHANGED from best betting apps - 5x more volume
,,Best Bonuses,,https://www.topendsports.com/sport/betting/best-bonuses.htm,Best Sportsbook Bonuses & Promos,Lewis Humphries,Not Started,Critical,RESEARCH SUMMARY Best Sportsbook Bonuses.docx,WRITER BRIEF Best Sportsbook Bonuses.docx,AI ENHANCEMENT BRIEF Best Sportsbook Bonuses.docx,sportsbook promos,5900,PHASE 1,CHANGED from best sportsbook bonuses - 8x more volume
,,Compare Sportsbooks,,https://www.topendsports.com/sport/betting/compare-sportsbooks.htm,Compare Best Sportsbooks 2025,Lewis Humphries,Not Started,High,RESEARCH SUMMARY Compare Sportsbooks.docx,WRITER BRIEF Compare Sportsbooks.docx,AI ENHANCEMENT BRIEF Compare Sportsbooks.docx,compare sportsbooks,400,PHASE 1,
,,Best Prop Sites,,https://www.topendsports.com/sport/betting/best-prop-betting-sites.htm,Best Prop Betting Sites,Lewis Humphries,Not Started,High,Research Summary Best Prop Betting Sites.docx,WRITER BRIEF Best Prop Betting Sites.docx,AI ENHANCEMENT BRIEF Best Prop Betting Sites.docx,prop betting sites,1000,PHASE 1,Parent topic version
,,Best Live Sites,,https://www.topendsports.com/sport/betting/best-live-betting-sites.htm,Best Live Betting Sites,Tom Goldsmith,Not Started,Medium,RESEARCH SUMMARY Best Live Betting Sites.docx,WRITER BRIEF Best Live Betting Sites 2025.docx,AI ENHANCEMENT BRIEF Best Live Betting Sites.docx,best live betting sites,150,PHASE 1,
,,Best SGP Sites,,https://www.topendsports.com/sport/betting/best-sgp-sites.htm,Best Same Game Parlay Sites,Lewis Humphries,Not Started,High,RESEARCH SUMMARY Best SGP Sites.docx,WRITER BRIEF Best Same Game Parlay Sites.docx,AI ENHANCEMENT BRIEF Best Same Game Parlay Sites.docx,same game parlay sites,400,PHASE 1,
,,PayPal Sites,,https://www.topendsports.com/sport/betting/paypal-betting-sites.htm,Best PayPal Betting Sites,Tom Goldsmith,Not Started,Medium,Research Summary PayPal Betting Sites.docx,WRITER BRIEF PayPal Betting Sites.docx,AI ENHANCEMENT BRIEF PayPal Betting Sites.docx,paypal betting sites,1500,PHASE 1,
,,New Sites,,https://www.topendsports.com/sport/betting/new-betting-sites.htm,New Betting Sites 2025,Tom Goldsmith,Not Started,Medium,RESEARCH SUMMARY New Betting Sites (HYBRID HONEST APPROACH).docx,WRITER BRIEF New Betting Sites (HYBRID HONEST APPROACH).docx,AI ENHANCEMENT BRIEF New Betting Sites (HYBRID HONEST APPROACH).docx,new betting sites,900,PHASE 1,
,,Crypto Sites,,https://www.topendsports.com/sport/betting/crypto-betting-sites.htm,Best Crypto Betting Sites,Tom Goldsmith,Not Started,Low,Research Summary Best Crypto Betting Sites.docx,WRITER BRIEF Best Crypto Betting Sites.docx,AI ENHANCEMENT BRIEF Best Crypto Betting Sites.docx,crypto betting sites,1100,PHASE 1,
,Sportsbook Reviews,,,https://www.topendsports.com/sport/betting/sportsbook-reviews/index.htm,Best Sportsbook Reviews 2025,Lewis Humphries,Not Started,High,Research Summary Sportsbook Reviews Hub Page.docx,WRITER BRIEF Sportsbook Reviews Hub Page.docx,AI ENHANCEMENT BRIEF Sportsbook Reviews Hub Page.docx,sportsbook reviews,400,PHASE 1,Hub page - Week 1
,,FanDuel,,https://www.topendsports.com/sport/betting/fanduel-review.htm,FanDuel Sportsbook Review,Lewis Humphries,Not Started,Critical,,,,fanduel review,500,PHASE 1,Week 1 - LOCKED POSITION (Active Deal)
,,BetMGM,,https://www.topendsports.com/sport/betting/betmgm-review.htm,BetMGM Sportsbook Review,Lewis Humphries,Not Started,Critical,,,,betmgm review,700,PHASE 1,Week 1 - LOCKED POSITION (Active Deal)
,,Bet365,,https://www.topendsports.com/sport/betting/bet365-review.htm,Bet365 Sportsbook Review,Lewis Humphries,Not Started,Critical,,,,bet365 review,1700,PHASE 1,Week 1 - TOTAL 47.7K volume with promo!
,,DraftKings,,https://www.topendsports.com/sport/betting/draftkings-review.htm,DraftKings Sportsbook Review,Lewis Humphries,Not Started,Critical,,,,draftkings review,600,PHASE 1,Week 1 - TOTAL 34.6K volume with promo
,,ESPN Bet,,https://www.topendsports.com/sport/betting/espn-bet-review.htm,ESPN BET Sportsbook Review,Lewis Humphries,Not Started,Critical,,,,espn bet review,200,PHASE 1,Week 2 - TOTAL 17.2K volume with promo
,,Fanatics,,https://www.topendsports.com/sport/betting/fanatics-review.htm,Fanatics Sportsbook Review,Lewis Humphries,Not Started,Critical,,,,fanatics sportsbook review,250,PHASE 1,Week 2 - TOTAL 3.75K volume with promo
,,Betr,,https://www.topendsports.com/sport/betting/betr-review.htm,Betr Sportsbook Review,Tom Goldsmith,Not Started,High,,,,betr review,150,PHASE 1,"Week 2 - NEW BRAND, MOVED TO TOM"
,,Caesars,,https://www.topendsports.com/sport/betting/caesars-review.htm,Caesars Sportsbook Review,Lewis Humphries,Not Started,High,,,,caesars sportsbook review,600,PHASE 1,Week 3 - TOTAL 3.7K volume with promo
,,BetRivers,,https://www.topendsports.com/sport/betting/betrivers-review.htm,BetRivers Sportsbook Review,Tom Goldsmith,Not Started,High,,,,betrivers review,500,PHASE 1,Week 3 - MOVED TO TOM
,,Bally Bet,,https://www.topendsports.com/sport/betting/bally-bet-review.htm,Bally Bet Sportsbook Review,Tom Goldsmith,Not Started,High,,,,bally bet review,150,PHASE 1,Week 3 - NEW BRAND
,,BetParx,,https://www.topendsports.com/sport/betting/betparx-review.htm,BetParx Sportsbook Review,Tom Goldsmith,Not Started,High,,,,betparx review,90,PHASE 1,Week 4 - NEW BRAND
,,Golden Nugget,,https://www.topendsports.com/sport/betting/golden-nugget-review.htm,Golden Nugget Sportsbook Review,Tom Goldsmith,Not Started,Medium,,,,golden nugget sportsbook,800,PHASE 1,Week 4 - NEW BRAND
,,Unibet,,https://www.topendsports.com/sport/betting/unibet-review.htm,Unibet Sportsbook Review,Tom Goldsmith,Not Started,Medium,,,,unibet review,800,PHASE 1,Month 2 - NEW BRAND
,,Borgata,,https://www.topendsports.com/sport/betting/borgata-review.htm,Borgata Sportsbook Review,Tom Goldsmith,Not Started,Medium,,,,borgata review,250,PHASE 1,Month 2 - NEW BRAND
,,Betfred,,https://www.topendsports.com/sport/betting/betfred-review.htm,Betfred Sportsbook Review,Tom Goldsmith,Not Started,Medium,,,,betfred review,500,PHASE 1,Month 2 - NEW BRAND
,,WynnBet,,https://www.topendsports.com/sport/betting/wynnbet-review.htm,WynnBet Sportsbook Review,Tom Goldsmith,Not Started,Low,,,,wynnbet review,200,PHASE 1,Month 2 - NEW BRAND
,,SI Sportsbook,,https://www.topendsports.com/sport/betting/si-sportsbook-review.htm,SI Sportsbook Review,Tom Goldsmith,Not Started,Low,,,,si sportsbook review,200,PHASE 1,Month 2 - NEW BRAND
,,Circa Sports,,https://www.topendsports.com/sport/betting/circa-sports-review.htm,Circa Sports Review,Tom Goldsmith,Not Started,Low,,,,circa sports review,80,PHASE 1,Month 2 - NEW BRAND
,,Hard Rock,,https://www.topendsports.com/sport/betting/hard-rock-bet-review.htm,Hard Rock Bet Review,Tom Goldsmith,Not Started,Low,,,,hard rock bet review,200,PHASE 1,Month 2
,,Prime Sports,,https://www.topendsports.com/sport/betting/prime-sports-review.htm,Prime Sports Review,Tom Goldsmith,Not Started,Low,,,,prime sports review,20,PHASE 1,Month 2 - NEW BRAND
,,PointsBet,,https://www.topendsports.com/sport/betting/pointsbet-review.htm,PointsBet Review,Tom Goldsmith,Not Started,Low,,,,pointsbet review,100,PHASE 1,Month 2 - Note: Acquired by Fanatics
,Promo Codes Hub,,,https://www.topendsports.com/sport/betting/promo-codes/index.htm,Sportsbook Promo Codes 2025,Lewis Humphries,Not Started,High,,,,sportsbook promo codes,500,PHASE 1,"Week 1 - Hub page, 19K traffic potential"
,,FanDuel Promo,,https://www.topendsports.com/sport/betting/fanduel-promo-code.htm,FanDuel Promo Code 2025,Lewis Humphries,Not Started,Critical,,,,fanduel promo code,9200,PHASE 1,Week 1 - LOCKED (Active Deal) - 9.2K volume
,,BetMGM Promo,,https://www.topendsports.com/sport/betting/betmgm-bonus-code.htm,BetMGM Bonus Code 2025,Lewis Humphries,Not Started,Critical,,,,betmgm bonus code,20000,PHASE 1,Week 1 - LOCKED (Active Deal) - 20K volume
,,Bet365 Promo,,https://www.topendsports.com/sport/betting/bet365-bonus-code.htm,Bet365 Bonus Code 2025,Lewis Humphries,Not Started,Critical,,,,bet365 bonus code,46000,PHASE 1,Week 1 - MASSIVE 46K volume! HIGHEST
,,DraftKings Promo,,https://www.topendsports.com/sport/betting/draftkings-promo-code.htm,DraftKings Promo Code 2025,Lewis Humphries,Not Started,Critical,,,,draftkings promo code,34000,PHASE 1,Week 1 - 34K volume
,,ESPN BET Promo,,https://www.topendsports.com/sport/betting/espn-bet-promo-code.htm,ESPN BET Promo Code 2025,Lewis Humphries,Not Started,Critical,,,,espn bet promo code,17000,PHASE 1,Week 2 - 17K volume
,,Fanatics Promo,,https://www.topendsports.com/sport/betting/fanatics-promo-code.htm,Fanatics Promo Code 2025,Lewis Humphries,Not Started,Critical,,,,fanatics promo code,3500,PHASE 1,Week 2 - 3.5K volume
,,Betr Promo,,https://www.topendsports.com/sport/betting/betr-promo-code.htm,Betr Promo Code 2025,Tom Goldsmith,Not Started,Critical,,,,betr promo code,3700,PHASE 1,"Week 2 - NEW BRAND, 3.7K volume!, MOVED TO TOM"
,,Caesars Promo,,https://www.topendsports.com/sport/betting/caesars-promo-code.htm,Caesars Promo Code 2025,Lewis Humphries,Not Started,High,,,,caesars promo code,3100,PHASE 1,Week 3 - 3.1K volume
,,BetRivers Promo,,https://www.topendsports.com/sport/betting/betrivers-promo-code.htm,BetRivers Promo Code 2025,Tom Goldsmith,Not Started,High,,,,betrivers promo code,2100,PHASE 1,"Week 3 - 2.1K volume, MOVED TO TOM"
,,Bally Bet Promo,,https://www.topendsports.com/sport/betting/bally-bet-promo-code.htm,Bally Bet Promo Code 2025,Tom Goldsmith,Not Started,High,,,,bally bet promo code,2000,PHASE 1,"Week 3 - NEW BRAND, 2K volume"
,,BetParx Promo,,https://www.topendsports.com/sport/betting/betparx-promo-code.htm,BetParx Promo Code 2025,Tom Goldsmith,Not Started,High,,,,betparx promo code,1700,PHASE 1,"Week 4 - NEW BRAND, 1.7K volume"
,,Golden Nugget Promo,,https://www.topendsports.com/sport/betting/golden-nugget-promo-code.htm,Golden Nugget Promo Code 2025,Tom Goldsmith,Not Started,High,,,,golden nugget promo code,1100,PHASE 1,"Week 4 - NEW BRAND, 1.1K volume"
,,Unibet Promo,,https://www.topendsports.com/sport/betting/unibet-promo-code.htm,Unibet Promo Code 2025,Tom Goldsmith,Not Started,Medium,,,,unibet promo code,400,PHASE 1,Month 2 - NEW BRAND
,,Borgata Promo,,https://www.topendsports.com/sport/betting/borgata-bonus-code.htm,Borgata Bonus Code 2025,Tom Goldsmith,Not Started,Medium,,,,borgata bonus code,900,PHASE 1,Month 2 - NEW BRAND
,,Betfred Promo,,https://www.topendsports.com/sport/betting/betfred-promo-code.htm,Betfred Promo Code 2025,Tom Goldsmith,Not Started,Medium,,,,betfred promo code,600,PHASE 1,Month 2 - NEW BRAND
,,WynnBet Promo,,https://www.topendsports.com/sport/betting/wynnbet-promo-code.htm,WynnBet Promo Code 2025,Tom Goldsmith,Not Started,Low,,,,wynnbet promo code,250,PHASE 1,Month 2 - NEW BRAND
,,SI Sportsbook Promo,,https://www.topendsports.com/sport/betting/si-sportsbook-promo-code.htm,SI Sportsbook Promo Code 2025,Tom Goldsmith,Not Started,Low,,,,si sportsbook promo code,100,PHASE 1,Month 2 - NEW BRAND
,,Circa Sports Promo,,https://www.topendsports.com/sport/betting/circa-sports-promo-code.htm,Circa Sports Promo Code 2025,Tom Goldsmith,Not Started,Low,,,,circa sports promo code,150,PHASE 1,Month 2 - NEW BRAND
,,Prime Sports Promo,,https://www.topendsports.com/sport/betting/prime-sports-promo-code.htm,Prime Sports Promo Code 2025,Tom Goldsmith,Not Started,Low,,,,prime sports promo code,100,PHASE 1,Month 2 - NEW BRAND
,DFS Pick'em,,,https://www.topendsports.com/sport/betting/dfs/index.htm,Best DFS Sites 2025,Lewis Humphries,Not Started,High,,,,best dfs sites,600,PHASE 1,Week 2 hub
,,PrizePicks,,https://www.topendsports.com/sport/betting/prizepicks-review.htm,PrizePicks Review 2025,Lewis Humphries,Not Started,Critical,,,,prizepicks,266000,PHASE 1,"Week 2 - MASSIVE 266K volume, easy difficulty"
,,,NFL Picks,https://www.topendsports.com/sport/betting/dfs/prizepicks/nfl-picks.htm,PrizePicks NFL Picks Today,Tom Goldsmith,Not Started,Medium,,,,prizepicks nfl,1200,PHASE 2,"COMPETITOR GAP - BettingPros 441 traffic, daily content"
,,,NBA Picks,https://www.topendsports.com/sport/betting/dfs/prizepicks/nba-picks.htm,PrizePicks NBA Picks Today,Lewis Humphries,Not Started,High,,,,nba prizepicks today,1400,PHASE 2,COMPETITOR GAP - BettingPros 2.5K traffic
,,,MLB Picks,https://www.topendsports.com/sport/betting/dfs/prizepicks/mlb-picks.htm,PrizePicks MLB Picks Today,Tom Goldsmith,Not Started,Medium,,,,prizepicks cheat sheet today,2000,PHASE 2,COMPETITOR GAP - BettingPros 1.4K traffic
,,Underdog Fantasy,,https://www.topendsports.com/sport/betting/underdog-fantasy-review.htm,Underdog Fantasy Review,Lewis Humphries,Not Started,Critical,,,,underdog fantasy,53000,PHASE 1,"Week 2 - HUGE 53K volume, easy difficulty"
,,,NBA Picks,https://www.topendsports.com/sport/betting/dfs/underdog/nba-picks.htm,Underdog NBA Picks Today,Tom Goldsmith,Not Started,Low,,,,underdog nba picks today,200,PHASE 2,COMPETITOR GAP - BettingPros 354 traffic
,,FanDuel DFS,,https://www.topendsports.com/sport/betting/fanduel-dfs.htm,FanDuel DFS Guide,Tom Goldsmith,Not Started,Medium,,,,fanduel dfs,800,PHASE 1,Month 2
,,DraftKings DFS,,https://www.topendsports.com/sport/betting/draftkings-dfs.htm,DraftKings DFS Guide,Tom Goldsmith,Not Started,Medium,,,,draftkings dfs,700,PHASE 1,Month 2
,NFL Betting,,,https://www.topendsports.com/sport/betting/nfl/index.htm,Best NFL Betting Sites 2025,Lewis Humphries,Not Started,Critical,,,,"best nfl betting sites, best nfl betting apps",400,PHASE 1,Week 3-4 hub
,,Guides,,https://www.topendsports.com/sport/betting/nfl/how-to-bet-nfl.htm,How to Bet on NFL Games,Lewis Humphries,Not Started,Critical,,,,how to bet on nfl,600,PHASE 1,Week 4 - 259K traffic potential
,,,Spreads,https://www.topendsports.com/sport/betting/nfl/spread-betting.htm,NFL Spread Betting Guide,Lewis Humphries,Not Started,High,,,,nfl spread betting,1200,PHASE 1,
,,,Totals,https://www.topendsports.com/sport/betting/nfl/over-under.htm,NFL Over/Under Betting Guide,Lewis Humphries,Not Started,High,,,,nfl over under betting,900,PHASE 1,
,,,Moneyline,https://www.topendsports.com/sport/betting/nfl/moneyline.htm,NFL Moneyline Betting Guide,Lewis Humphries,Not Started,High,,,,nfl moneyline betting,800,PHASE 1,
,,,Parlays,https://www.topendsports.com/sport/betting/nfl/parlays.htm,NFL Parlay Betting Strategy,Lewis Humphries,Not Started,High,,,,nfl parlay betting,1500,PHASE 1,
,,,Teasers,https://www.topendsports.com/sport/betting/nfl/teasers.htm,NFL Teaser Betting Guide,Tom Goldsmith,Not Started,Medium,,,,nfl teaser bets,600,PHASE 1,
,,,Live Betting,https://www.topendsports.com/sport/betting/nfl/live-betting.htm,NFL Live Betting Strategy,Tom Goldsmith,Not Started,Medium,,,,nfl live betting,700,PHASE 1,
,,Matchups & Data,,https://www.topendsports.com/sport/betting/nfl/matchups.htm,NFL Daily Matchups & Odds,Lewis Humphries,Not Started,Critical,,,,"nfl matchups, covers nfl",51000,PHASE 2,COMPETITOR GAP - 51K traffic opportunity
,,,Standings,https://www.topendsports.com/sport/betting/nfl/standings.htm,NFL Standings & Betting Implications,Tom Goldsmith,Not Started,Medium,,,,nfl standings,8500,PHASE 1,QUICK WIN - Embed external standings
,,,Injuries,https://www.topendsports.com/sport/betting/nfl/injuries.htm,NFL Injury Report & Betting Impact,Lewis Humphries,Not Started,High,,,,nfl injury report,12000,PHASE 2,COMPETITOR GAP - Critical for betting
,,,Weather,https://www.topendsports.com/sport/betting/nfl/weather.htm,NFL Weather Report for Betting,Tom Goldsmith,Not Started,Medium,,,,nfl weather,3200,PHASE 2,COMPETITOR GAP - Free API available
,,,Trends,https://www.topendsports.com/sport/betting/nfl/trends.htm,NFL Betting Trends & Statistics,Tom Goldsmith,Not Started,Medium,,,,nfl betting trends,3500,PHASE 2,COMPETITOR GAP - Advanced bettors
,,,Public Betting,https://www.topendsports.com/sport/betting/nfl/public-betting.htm,NFL Public Betting Percentages,Tom Goldsmith,Not Started,Medium,,,,nfl public betting,1500,PHASE 2,COMPETITOR GAP - Contrarian tool
,,,Consensus,https://www.topendsports.com/sport/betting/nfl/consensus.htm,NFL Consensus Picks,Tom Goldsmith,Not Started,Medium,,,,nfl consensus,3500,PHASE 2,COMPETITOR GAP - 4.5K traffic (Covers)
,,Props,,https://www.topendsports.com/sport/betting/nfl/props/index.htm,Best NFL Prop Betting Sites,Lewis Humphries,Not Started,High,,,,best nfl prop betting sites,70,PHASE 1,
,,,Player Props,https://www.topendsports.com/sport/betting/nfl/props/player-props.htm,NFL Player Props Guide,Lewis Humphries,Not Started,High,,,,nfl player props,6500,PHASE 1,6.5K volume
,,,TD Props,https://www.topendsports.com/sport/betting/nfl/props/touchdown-scorer.htm,Best Sites for TD Props,Lewis Humphries,Not Started,High,,,,touchdown scorer props,1800,PHASE 1,
,,,Passing Props,https://www.topendsports.com/sport/betting/nfl/props/passing.htm,QB Passing Props Guide,Tom Goldsmith,Not Started,Medium,,,,passing yards props,900,PHASE 1,
,,,Rushing Props,https://www.topendsports.com/sport/betting/nfl/props/rushing.htm,Rushing Props Guide,Tom Goldsmith,Not Started,Medium,,,,rushing yards props,800,PHASE 1,
,,,SGP,https://www.topendsports.com/sport/betting/nfl/props/same-game-parlays.htm,NFL Same Game Parlays,Lewis Humphries,Not Started,High,,,,nfl same game parlays,1400,PHASE 1,
,,,First TD Scorer,https://www.topendsports.com/sport/betting/nfl/props/first-td-scorer.htm,First Touchdown Scorer Betting Guide,Tom Goldsmith,Not Started,Medium,,,,first touchdown scorer stats,650,PHASE 1,COMPETITOR GAP - BettingPros 562 traffic
,,Futures,,https://www.topendsports.com/sport/betting/nfl/futures/index.htm,Best NFL Futures Betting Sites,Lewis Humphries,Not Started,High,,,,best nfl futures betting,300,PHASE 1,
,,,Super Bowl,https://www.topendsports.com/sport/betting/nfl/futures/super-bowl-odds.htm,Super Bowl Odds & Best Sites,Lewis Humphries,Not Started,Critical,,,,"super bowl odds, super bowl betting",34000,PHASE 1,Phase 2 odds - 34K volume
,,,MVP,https://www.topendsports.com/sport/betting/nfl/futures/mvp-odds.htm,NFL MVP Betting Sites & Odds,Lewis Humphries,Not Started,High,,,,nfl mvp odds,5400,PHASE 1,
,,,Playoffs,https://www.topendsports.com/sport/betting/nfl/futures/playoff-odds.htm,NFL Playoff Odds & Betting,Lewis Humphries,Not Started,High,,,,nfl playoff odds,3200,PHASE 1,
,,,Division,https://www.topendsports.com/sport/betting/nfl/futures/division-winners.htm,NFL Division Winner Betting,Tom Goldsmith,Not Started,Medium,,,,nfl division odds,700,PHASE 1,
,,,Win Totals,https://www.topendsports.com/sport/betting/nfl/futures/win-totals.htm,NFL Win Totals Betting Guide,Tom Goldsmith,Not Started,Medium,,,,nfl win totals,1100,PHASE 1,
,,,DPOY,https://www.topendsports.com/sport/betting/nfl/futures/dpoy.htm,Defensive Player of Year Odds,Tom Goldsmith,Not Started,Low,,,,nfl dpoy odds,400,PHASE 1,
,,,OROY,https://www.topendsports.com/sport/betting/nfl/futures/oroy.htm,Offensive Rookie of Year Odds,Tom Goldsmith,Not Started,Low,,,,nfl oroy odds,350,PHASE 1,
,,Odds & Picks,,https://www.topendsports.com/sport/betting/nfl/odds.htm,NFL Odds Today,Lewis Humphries,Not Started,High,,,,nfl odds today,103000,PHASE 2,"Phase 2 - Requires API, 103K volume"
,,,Week 1,https://www.topendsports.com/sport/betting/nfl/picks-week-1.htm,NFL Week 1 Expert Picks,Lewis Humphries,Not Started,High,,,,nfl week 1 picks,2600,PHASE 2,Phase 2
,,,Week 2,https://www.topendsports.com/sport/betting/nfl/picks-week-2.htm,NFL Week 2 Expert Picks,Lewis Humphries,Not Started,High,,,,nfl week 2 picks,2600,PHASE 2,Phase 2
,,,Week 3-18,Continue pattern for all weeks,Weekly Picks Pages,Lewis Humphries,Not Started,High,,,,nfl week X picks,2600,PHASE 2,Phase 2 - 16 more pages
,,,Playoffs,https://www.topendsports.com/sport/betting/nfl/playoff-picks.htm,NFL Playoff Picks,Lewis Humphries,Not Started,Critical,,,,nfl playoff picks,4200,PHASE 2,Phase 2
,NBA Betting,,,https://www.topendsports.com/sport/betting/nba/index.htm,Best NBA Betting Sites 2025,Lewis Humphries,Not Started,Critical,,,,"best nba betting sites, best nba betting apps",700,PHASE 1,Week 3-4 hub
,,Guides,,https://www.topendsports.com/sport/betting/nba/how-to-bet-nba.htm,How to Bet on NBA Games,Lewis Humphries,Not Started,Critical,,,,how to bet on nba,450,PHASE 1,Week 4 - 120K traffic potential
,,,Spreads,https://www.topendsports.com/sport/betting/nba/spread-betting.htm,NBA Spread Betting Guide,Lewis Humphries,Not Started,High,,,,nba spread betting,1100,PHASE 1,
,,,Totals,https://www.topendsports.com/sport/betting/nba/over-under.htm,NBA Totals Betting Guide,Lewis Humphries,Not Started,High,,,,nba over under,800,PHASE 1,
,,,Moneyline,https://www.topendsports.com/sport/betting/nba/moneyline.htm,NBA Moneyline Betting,Lewis Humphries,Not Started,High,,,,nba moneyline,700,PHASE 1,
,,,Live Betting,https://www.topendsports.com/sport/betting/nba/live-betting.htm,NBA Live Betting Strategy,Tom Goldsmith,Not Started,Medium,,,,nba live betting,600,PHASE 1,
,,Matchups & Data,,https://www.topendsports.com/sport/betting/nba/matchups.htm,NBA Daily Matchups & Odds,Lewis Humphries,Not Started,Critical,,,,"nba matchups, nba cover",56000,PHASE 2,COMPETITOR GAP - Covers 56K traffic
,,,Standings,https://www.topendsports.com/sport/betting/nba/standings.htm,NBA Standings & Playoff Implications,Tom Goldsmith,Not Started,Medium,,,,nba standings,9200,PHASE 1,QUICK WIN - Embed external standings
,,,Injuries,https://www.topendsports.com/sport/betting/nba/injuries.htm,NBA Injury Report Today,Lewis Humphries,Not Started,High,,,,nba injury report today,15000,PHASE 2,COMPETITOR GAP - Covers 13K traffic
,,,Trends,https://www.topendsports.com/sport/betting/nba/trends.htm,NBA Betting Trends & Stats,Tom Goldsmith,Not Started,Medium,,,,nba betting trends,2800,PHASE 2,COMPETITOR GAP
,,,Public Betting,https://www.topendsports.com/sport/betting/nba/public-betting.htm,NBA Public Betting Percentages,Tom Goldsmith,Not Started,Medium,,,,nba public betting,1200,PHASE 2,COMPETITOR GAP
,,,Consensus,https://www.topendsports.com/sport/betting/nba/consensus.htm,NBA Consensus Picks,Tom Goldsmith,Not Started,Medium,,,,nba consensus picks,1800,PHASE 2,COMPETITOR GAP
,,,Defense vs Position,https://www.topendsports.com/sport/betting/nba/defense-vs-position.htm,NBA Defense vs Position Stats,Tom Goldsmith,Not Started,Low,,,,nba defense vs position,3600,PHASE 2,COMPETITOR GAP - BettingPros 1.4K traffic
,,Props,,https://www.topendsports.com/sport/betting/nba/props/index.htm,Best NBA Prop Betting Sites,Lewis Humphries,Not Started,High,,,,best nba prop betting sites,400,PHASE 1,
,,,Points,https://www.topendsports.com/sport/betting/nba/props/player-points.htm,NBA Points Props Guide,Lewis Humphries,Not Started,High,,,,nba points props,2100,PHASE 1,
,,,Rebounds,https://www.topendsports.com/sport/betting/nba/props/rebounds.htm,NBA Rebounds Props,Tom Goldsmith,Not Started,Medium,,,,nba rebounds props,900,PHASE 1,
,,,Assists,https://www.topendsports.com/sport/betting/nba/props/assists.htm,NBA Assists Props,Tom Goldsmith,Not Started,Medium,,,,nba assists props,800,PHASE 1,
,,,SGP,https://www.topendsports.com/sport/betting/nba/props/same-game-parlays.htm,NBA Same Game Parlays,Lewis Humphries,Not Started,High,,,,nba same game parlays,1100,PHASE 1,
,,,First Basket,https://www.topendsports.com/sport/betting/nba/props/first-basket.htm,NBA First Basket Betting Guide,Tom Goldsmith,Not Started,Medium,,,,nba first basket stats,500,PHASE 1,COMPETITOR GAP - BettingPros 2.7K traffic
,,,Top Players,https://www.topendsports.com/sport/betting/nba/props/top-players.htm,Top NBA Player Props Hub,Tom Goldsmith,Not Started,Medium,,,,nba player props today,8500,PHASE 2,COMPETITOR GAP - Link to individual player pages
,,Futures,,https://www.topendsports.com/sport/betting/nba/futures/index.htm,Best NBA Futures Betting Sites,Lewis Humphries,Not Started,High,,,,nba futures betting,500,PHASE 1,
,,,Championship,https://www.topendsports.com/sport/betting/nba/futures/championship-odds.htm,NBA Championship Odds & Sites,Lewis Humphries,Not Started,Critical,,,,nba championship odds,14000,PHASE 1,Phase 2 - 14K volume
,,,MVP,https://www.topendsports.com/sport/betting/nba/futures/mvp-odds.htm,NBA MVP Betting Sites,Lewis Humphries,Not Started,High,,,,nba mvp odds,8100,PHASE 1,
,,,Playoffs,https://www.topendsports.com/sport/betting/nba/futures/playoff-odds.htm,NBA Playoff Betting,Lewis Humphries,Not Started,High,,,,nba playoff odds,2400,PHASE 1,
,,Odds & Picks,,https://www.topendsports.com/sport/betting/nba/odds.htm,NBA Odds Today,Lewis Humphries,Not Started,High,,,,nba odds today,40000,PHASE 2,"Phase 2 - Requires API, 40K volume"
,MLB Betting,,,https://www.topendsports.com/sport/betting/mlb/index.htm,Best MLB Betting Sites 2025,Tom Goldsmith,Not Started,Medium,,,,best mlb betting sites,200,PHASE 1,Month 2 - EASY difficulty
,,Guides,,https://www.topendsports.com/sport/betting/mlb/how-to-bet-mlb.htm,How to Bet on MLB Baseball,Tom Goldsmith,Not Started,Medium,,,,how to bet on mlb,550,PHASE 1,Month 2
,,,Run Line,https://www.topendsports.com/sport/betting/mlb/run-line.htm,MLB Run Line Betting Guide,Tom Goldsmith,Not Started,Medium,,,,mlb run line,1600,PHASE 1,
,,,Totals,https://www.topendsports.com/sport/betting/mlb/over-under.htm,MLB Totals Betting Guide,Tom Goldsmith,Not Started,Medium,,,,mlb over under,900,PHASE 1,
,,Matchups & Data,,https://www.topendsports.com/sport/betting/mlb/matchups.htm,MLB Daily Matchups & Scores,Lewis Humphries,Not Started,Critical,,,,"mlb matchups, covers mlb",757000,PHASE 2,COMPETITOR GAP - MASSIVE 757K traffic (Covers)
,,,Standings,https://www.topendsports.com/sport/betting/mlb/standings.htm,MLB Standings & Playoff Race,Tom Goldsmith,Not Started,Medium,,,,mlb standings,13000,PHASE 1,QUICK WIN - Covers 13K traffic
,,,Weather,https://www.topendsports.com/sport/betting/mlb/weather.htm,MLB Weather Report for Betting,Lewis Humphries,Not Started,Critical,,,,mlb weather,64000,PHASE 2,"COMPETITOR GAP - Covers 30K traffic, FREE API available"
,,,Injuries,https://www.topendsports.com/sport/betting/mlb/injuries.htm,MLB Injury Report,Tom Goldsmith,Not Started,Medium,,,,mlb injury report,4200,PHASE 2,COMPETITOR GAP
,,,Trends,https://www.topendsports.com/sport/betting/mlb/trends.htm,MLB Betting Trends,Tom Goldsmith,Not Started,Medium,,,,mlb betting trends,2100,PHASE 2,COMPETITOR GAP - Covers 6.7K traffic
,,,Public Betting,https://www.topendsports.com/sport/betting/mlb/public-betting.htm,MLB Public Betting Percentages,Tom Goldsmith,Not Started,Medium,,,,mlb public betting,2600,PHASE 2,COMPETITOR GAP - Action Network 2.8K
,,,Consensus,https://www.topendsports.com/sport/betting/mlb/consensus.htm,MLB Consensus Picks,Tom Goldsmith,Not Started,Medium,,,,mlb consensus,2200,PHASE 2,COMPETITOR GAP - Covers 11K traffic
,,Props,,https://www.topendsports.com/sport/betting/mlb/props/index.htm,Best MLB Prop Betting Sites,Tom Goldsmith,Not Started,Medium,,,,mlb prop bets,800,PHASE 1,
,,,NRFI YRFI,https://www.topendsports.com/sport/betting/mlb/props/nrfi-yrfi.htm,NRFI YRFI Betting Guide & Picks,Lewis Humphries,Not Started,High,,,,"nrfi today, nrfi yrfi",5100,PHASE 2,COMPETITOR GAP - BettingPros 3.9K + 3K traffic
,,,Home Runs,https://www.topendsports.com/sport/betting/mlb/props/home-runs.htm,MLB Home Run Props Guide,Tom Goldsmith,Not Started,Medium,,,,home run predictions today,13000,PHASE 2,COMPETITOR GAP - Covers 5.3K traffic
,,,Strikeouts,https://www.topendsports.com/sport/betting/mlb/props/strikeouts.htm,MLB Strikeout Props,Tom Goldsmith,Not Started,Low,,,,strikeout props,700,PHASE 2,COMPETITOR GAP - BettingPros 572 traffic
,,Futures,,https://www.topendsports.com/sport/betting/mlb/futures/world-series-odds.htm,World Series Odds & Betting Sites,Tom Goldsmith,Not Started,Medium,,,,world series odds,11000,PHASE 1,Seasonal - 11K volume
,,Odds & Picks,,https://www.topendsports.com/sport/betting/mlb/odds.htm,MLB Odds Today,Tom Goldsmith,Not Started,Medium,,,,mlb odds today,23000,PHASE 2,Phase 2 - 23K volume
,NHL Betting,,,https://www.topendsports.com/sport/betting/nhl/index.htm,Best NHL Betting Sites 2025,Tom Goldsmith,Not Started,Medium,,,,best nhl betting sites,300,PHASE 1,Month 2
,,Guides,,https://www.topendsports.com/sport/betting/nhl/how-to-bet-nhl.htm,How to Bet on NHL Hockey,Tom Goldsmith,Not Started,Medium,,,,how to bet on nhl,500,PHASE 1,
,,,Puck Line,https://www.topendsports.com/sport/betting/nhl/puck-line.htm,NHL Puck Line Betting Guide,Tom Goldsmith,Not Started,Medium,,,,nhl puck line,1100,PHASE 1,
,,Matchups & Data,,https://www.topendsports.com/sport/betting/nhl/matchups.htm,NHL Daily Matchups & Scores,Lewis Humphries,Not Started,High,,,,"nhl matchups, covers nhl",110000,PHASE 2,COMPETITOR GAP - Covers 110K traffic
,,,Standings,https://www.topendsports.com/sport/betting/nhl/standings.htm,NHL Standings & Playoff Race,Tom Goldsmith,Not Started,Low,,,,nhl standings,6400,PHASE 1,QUICK WIN
,,Futures,,https://www.topendsports.com/sport/betting/nhl/futures/stanley-cup-odds.htm,Stanley Cup Odds & Betting Sites,Tom Goldsmith,Not Started,Medium,,,,stanley cup odds,4200,PHASE 1,Seasonal
,NCAAF Betting,,,https://www.topendsports.com/sport/betting/ncaaf/index.htm,Best College Football Betting Sites,Lewis Humphries,Not Started,High,,,,best college football betting sites,1700,PHASE 1,Week 3 - 1.7K volume
,,Guides,,https://www.topendsports.com/sport/betting/ncaaf/how-to-bet-ncaaf.htm,How to Bet on College Football,Lewis Humphries,Not Started,High,,,,how to bet on college football,600,PHASE 1,
,,Rankings,,https://www.topendsports.com/sport/betting/ncaaf/top-25-betting.htm,Best Sites for Top 25 Betting,Lewis Humphries,Not Started,High,,,,college football top 25 betting,350,PHASE 1,
,,Matchups & Data,,https://www.topendsports.com/sport/betting/ncaaf/matchups.htm,College Football Daily Matchups,Lewis Humphries,Not Started,Critical,,,,"ncaaf matchups, covers ncaaf",37000,PHASE 2,COMPETITOR GAP - Covers 37K traffic
,,,Standings,https://www.topendsports.com/sport/betting/ncaaf/standings.htm,College Football Rankings & Standings,Tom Goldsmith,Not Started,Low,,,,college football standings,4800,PHASE 1,QUICK WIN
,,,Injuries,https://www.topendsports.com/sport/betting/ncaaf/injuries.htm,College Football Injury Report,Lewis Humphries,Not Started,High,,,,college football injury report,5300,PHASE 2,COMPETITOR GAP - Covers 10K traffic
,,,Weather,https://www.topendsports.com/sport/betting/ncaaf/weather.htm,College Football Weather Report,Tom Goldsmith,Not Started,Medium,,,,college football weather,3300,PHASE 2,"COMPETITOR GAP - Covers 3.6K traffic, FREE API"
,,,Public Betting,https://www.topendsports.com/sport/betting/ncaaf/public-betting.htm,NCAAF Public Betting Percentages,Tom Goldsmith,Not Started,Low,,,,ncaaf public betting,1600,PHASE 2,COMPETITOR GAP - Action Network 3.1K
,,Against the Spread,,https://www.topendsports.com/sport/betting/ncaaf/ats/week-1.htm,College Football ATS Picks Week 1,Tom Goldsmith,Not Started,Medium,,,,college football ats picks,11000,PHASE 2,"COMPETITOR GAP - Covers 3.7K, build pattern for weeks 1-15"
,,Bowl Games,,https://www.topendsports.com/sport/betting/ncaaf/bowl-games.htm,Bowl Games Betting Guide & Sites,Lewis Humphries,Not Started,High,,,,bowl games betting,2100,PHASE 1,Seasonal - December
,,Playoffs,,https://www.topendsports.com/sport/betting/ncaaf/playoffs.htm,College Football Playoff Betting,Lewis Humphries,Not Started,High,,,,college football playoff betting,1800,PHASE 1,Seasonal - December
,,Futures,,https://www.topendsports.com/sport/betting/ncaaf/futures/championship.htm,CFP Championship Betting Sites,Lewis Humphries,Not Started,High,,,,college football championship odds,3400,PHASE 1,Seasonal
,,,Heisman,https://www.topendsports.com/sport/betting/ncaaf/futures/heisman.htm,Heisman Trophy Betting Sites,Tom Goldsmith,Not Started,Medium,,,,heisman trophy odds,2900,PHASE 1,Seasonal
,NCAAB Betting,,,https://www.topendsports.com/sport/betting/ncaab/index.htm,Best College Basketball Betting Sites,Tom Goldsmith,Not Started,Medium,,,,best college basketball betting sites,400,PHASE 1,Month 2
,,March Madness,,https://www.topendsports.com/sport/betting/events/march-madness-2025/index.htm,Best March Madness Betting Sites,Lewis Humphries,Not Started,Critical,,,,best march madness betting sites,1500,PHASE 1,Week 3 - BUILD BY JANUARY
,,,Bracket Guide,https://www.topendsports.com/sport/betting/events/march-madness-2025/bracket-guide.htm,March Madness Bracket Betting Guide,Lewis Humphries,Not Started,Critical,,,,march madness bracket,387000,PHASE 1,"Week 3 - MASSIVE 387K volume, 1.9M traffic potential"
,,,Betting Guide,https://www.topendsports.com/sport/betting/events/march-madness-2025/how-to-bet.htm,How to Bet March Madness,Lewis Humphries,Not Started,Critical,,,,march madness betting,1500,PHASE 1,Week 3
,,,Bracket Strategy,https://www.topendsports.com/sport/betting/events/march-madness-2025/bracket-strategy.htm,March Madness Bracket Strategy,Lewis Humphries,Not Started,Critical,,,,march madness bracket strategy,850,PHASE 1,Week 3
,,,First Round,https://www.topendsports.com/sport/betting/events/march-madness-2025/first-round.htm,First Round Betting Guide,Lewis Humphries,Not Started,High,,,,march madness first round,700,PHASE 1,
,,,Sweet 16,https://www.topendsports.com/sport/betting/events/march-madness-2025/sweet-16.htm,Sweet 16 Betting Sites,Lewis Humphries,Not Started,High,,,,sweet 16 betting,1200,PHASE 1,
,,,Elite 8,https://www.topendsports.com/sport/betting/events/march-madness-2025/elite-8.htm,Elite 8 Betting Guide,Lewis Humphries,Not Started,High,,,,elite 8 betting,900,PHASE 1,
,,,Final Four,https://www.topendsports.com/sport/betting/events/march-madness-2025/final-four.htm,Final Four Betting Sites,Lewis Humphries,Not Started,Critical,,,,final four betting,3100,PHASE 1,
,,,Championship,https://www.topendsports.com/sport/betting/events/march-madness-2025/championship.htm,Championship Game Betting,Lewis Humphries,Not Started,Critical,,,,ncaa championship betting,1800,PHASE 1,
,UFC Betting,,,https://www.topendsports.com/sport/betting/ufc/index.htm,Best UFC Betting Sites 2025,Tom Goldsmith,Not Started,Low,,,,best ufc betting sites,600,PHASE 1,Month 2
,,Guides,,https://www.topendsports.com/sport/betting/ufc/how-to-bet-ufc.htm,How to Bet on UFC Fights,Tom Goldsmith,Not Started,Low,,,,how to bet on ufc,450,PHASE 1,
,Soccer Betting,,,https://www.topendsports.com/sport/betting/soccer/index.htm,Best Soccer Betting Sites 2025,Tom Goldsmith,Not Started,Low,,,,best soccer betting sites,800,PHASE 1,Month 2
,,Premier League,,https://www.topendsports.com/sport/betting/soccer/premier-league.htm,Best Premier League Betting Sites,Tom Goldsmith,Not Started,Low,,,,premier league betting sites,1100,PHASE 1,
,,World Cup,,https://www.topendsports.com/sport/betting/soccer/world-cup-2026.htm,World Cup 2026 Betting Sites,Tom Goldsmith,Not Started,Low,,,,world cup betting sites,3500,FUTURE,2026 only
,Special Events,,,https://www.topendsports.com/sport/betting/events/index.htm,Major Sports Betting Events,Lewis Humphries,Not Started,High,,,,sports betting events,300,PHASE 1,Hub page
,,Super Bowl 2025,,https://www.topendsports.com/sport/betting/events/super-bowl-2025/index.htm,Best Super Bowl Betting Sites,Lewis Humphries,Not Started,Critical,,,,best super bowl betting sites,900,PHASE 1,Week 3 - BUILD BY DECEMBER
,,,How To,https://www.topendsports.com/sport/betting/events/super-bowl-2025/how-to-bet.htm,How to Bet on Super Bowl,Lewis Humphries,Not Started,Critical,,,,super bowl betting,1500,PHASE 1,"Week 3 - 1.5K volume, 101K traffic potential"
,,,Props,https://www.topendsports.com/sport/betting/events/super-bowl-2025/prop-bets.htm,Super Bowl Prop Bets Guide,Lewis Humphries,Not Started,Critical,,,,super bowl prop bets,4800,PHASE 1,Week 3
,,,Squares,https://www.topendsports.com/sport/betting/events/super-bowl-2025/squares.htm,Super Bowl Squares Guide,Lewis Humphries,Not Started,High,,,,super bowl squares,8200,PHASE 1,
,,,Odds,https://www.topendsports.com/sport/betting/events/super-bowl-2025/odds.htm,Super Bowl Odds 2025,Lewis Humphries,Not Started,Critical,,,,super bowl odds,34000,PHASE 2,"Phase 2 - 34K volume, 102K traffic potential"
,Betting Guides,,,https://www.topendsports.com/sport/betting/guides/index.htm,Complete Betting Guide Hub,Lewis Humphries,Not Started,High,,,,sports betting guide,600,PHASE 1,Week 4
,,Basics,,https://www.topendsports.com/sport/betting/guides/how-to-bet.htm,How to Bet on Sports Online,Lewis Humphries,Not Started,Critical,,,,how to bet on sports,2000,PHASE 1,Week 4
,,,101,https://www.topendsports.com/sport/betting/guides/sports-betting-101.htm,Sports Betting 101 for Beginners,Lewis Humphries,Not Started,High,,,,sports betting for beginners,250,PHASE 1,
,,,Reading Odds,https://www.topendsports.com/sport/betting/guides/reading-odds.htm,How to Read Betting Odds,Lewis Humphries,Not Started,Critical,,,,how to read odds,1900,PHASE 1,Week 4 - 1.9K volume
,,,Glossary,https://www.topendsports.com/sport/betting/guides/betting-glossary.htm,Sports Betting Terms & Glossary,Lewis Humphries,Not Started,High,,,,sports betting terms,1400,PHASE 1,
,,,First Bet,https://www.topendsports.com/sport/betting/guides/first-bet.htm,How to Place Your First Bet,Tom Goldsmith,Not Started,Medium,,,,how to place a bet,500,PHASE 1,
,,Bet Types,,https://www.topendsports.com/sport/betting/guides/bet-types/index.htm,Types of Sports Bets Explained,Lewis Humphries,Not Started,High,,,,types of sports bets,600,PHASE 1,
,,,Moneyline,https://www.topendsports.com/sport/betting/guides/moneyline.htm,Moneyline Betting Explained,Lewis Humphries,Not Started,Critical,,,,moneyline,11000,PHASE 1,"Week 4 - CHANGED to parent topic, 11K volume"
,,,Spread,https://www.topendsports.com/sport/betting/guides/spread-betting.htm,Point Spread Betting Explained,Lewis Humphries,Not Started,Critical,,,,spread betting,5300,PHASE 1,Week 4 - 5.3K volume
,,,Totals,https://www.topendsports.com/sport/betting/guides/over-under.htm,Over/Under Betting Explained,Lewis Humphries,Not Started,Critical,,,,over under,13000,PHASE 1,"Week 4 - CHANGED to parent topic, 13K volume"
,,,Parlays,https://www.topendsports.com/sport/betting/guides/parlay.htm,Parlay Betting Guide & Strategy,Lewis Humphries,Not Started,Critical,,,,parlay,90000,PHASE 1,"Week 4 - CHANGED to parent topic, 90K volume!"
,,,Teasers,https://www.topendsports.com/sport/betting/guides/teaser-betting.htm,Teaser Betting Explained,Tom Goldsmith,Not Started,Medium,,,,teaser betting,,PHASE 1,
,,,Props,https://www.topendsports.com/sport/betting/guides/prop-bets.htm,Prop Betting Guide & Best Sites,Lewis Humphries,Not Started,High,,,,prop bets,5200,PHASE 1,"CHANGED to parent topic, 5.2K volume"
,,,Futures,https://www.topendsports.com/sport/betting/guides/futures-betting.htm,Futures Betting Explained,Tom Goldsmith,Not Started,Medium,,,,futures betting,200,PHASE 1,
,,,Live,https://www.topendsports.com/sport/betting/guides/live-betting.htm,Live Betting Guide & Strategy,Tom Goldsmith,Not Started,Medium,,,,live betting guide,,PHASE 1,
,,,SGP,https://www.topendsports.com/sport/betting/guides/same-game-parlay.htm,Same Game Parlay Explained,Lewis Humphries,Not Started,High,,,,same game parlay,1700,PHASE 1,Trending - 1.7K volume
,,,Round Robin,https://www.topendsports.com/sport/betting/guides/round-robin.htm,Round Robin Betting Explained,Tom Goldsmith,Not Started,Low,,,,round robin betting,,PHASE 1,
,,Strategy,,https://www.topendsports.com/sport/betting/strategy/index.htm,Sports Betting Strategy Guide,Lewis Humphries,Not Started,Medium,,,,sports betting strategy,,PHASE 1,
,,,Bankroll,https://www.topendsports.com/sport/betting/strategy/bankroll-management.htm,Bankroll Management Guide,Lewis Humphries,Not Started,High,,,,bankroll management,600,PHASE 1,
,,,Value,https://www.topendsports.com/sport/betting/strategy/value-betting.htm,Finding Value Bets Strategy,Tom Goldsmith,Not Started,Medium,,,,value betting,300,PHASE 1,
,,,Line Shopping,https://www.topendsports.com/sport/betting/strategy/line-shopping.htm,Line Shopping Guide & Tools,Lewis Humphries,Not Started,High,,,,line shopping,450,PHASE 1,
,,,Units,https://www.topendsports.com/sport/betting/strategy/unit-betting.htm,Unit Betting System Explained,Tom Goldsmith,Not Started,Medium,,,,unit betting system,350,PHASE 1,
,,,Hedging,https://www.topendsports.com/sport/betting/strategy/hedging-bets.htm,How to Hedge Bets,Tom Goldsmith,Not Started,Low,,,,hedging bets,600,PHASE 1,
,,,Arbitrage,https://www.topendsports.com/sport/betting/strategy/arbitrage-betting.htm,Arbitrage Betting Guide,Tom Goldsmith,Not Started,Low,,,,arbitrage betting,450,PHASE 1,
,Betting Tools,,,https://www.topendsports.com/sport/betting-tools/index.htm,Sports Betting Calculators Hub,N/A,Published,Complete,,,,betting calculators,1200,,Already published - 30+ tools
,,Parlay Calculator,,https://www.topendsports.com/sport/betting-tools/parlay-calculator.htm,Parlay Calculator,N/A,Published,Complete,,,,parlay calculator,56000,,HUGE 56K volume - link to betting pages
,,30+ other tools,,Various URLs,30+ Published Calculators,N/A,Published,Complete,,,,Various calculator keywords,5000,,Ensure all link to betting pages
,Consensus & Public Data,,,https://www.topendsports.com/sport/betting/consensus/index.htm,Consensus Picks - All Sports,Tom Goldsmith,Not Started,Medium,,,,consensus picks,1300,PHASE 2,COMPETITOR GAP - Covers 4.7K traffic
,,NFL Consensus,,https://www.topendsports.com/sport/betting/consensus/nfl.htm,NFL Consensus Picks Today,Tom Goldsmith,Not Started,Medium,,,,nfl consensus,3500,PHASE 2,COMPETITOR GAP - Covers 4.5K
,,NBA Consensus,,https://www.topendsports.com/sport/betting/consensus/nba.htm,NBA Consensus Picks Today,Tom Goldsmith,Not Started,Low,,,,nba consensus,1200,PHASE 2,COMPETITOR GAP
,,MLB Consensus,,https://www.topendsports.com/sport/betting/consensus/mlb.htm,MLB Consensus Picks Today,Tom Goldsmith,Not Started,Medium,,,,mlb consensus,2200,PHASE 2,COMPETITOR GAP - Covers 11K
,,Public Betting Hub,,https://www.topendsports.com/sport/betting/public-betting.htm,Public Betting Percentages - All Sports,Tom Goldsmith,Not Started,Medium,,,,public betting percentages,4100,PHASE 2,COMPETITOR GAP - Action Network 10K traffic
,Legal States,,,https://www.topendsports.com/sport/betting/legal-states/index.htm,Legal Sports Betting States 2025,Tom Goldsmith,Not Started,Medium,,,,legal sports betting states,500,PHASE 1,Month 2
,,New York,,https://www.topendsports.com/sport/betting/legal-states/new-york.htm,Best NY Sports Betting Apps,Lewis Humphries,Not Started,High,,,,best ny betting apps,70,PHASE 1,Month 2
,,New Jersey,,https://www.topendsports.com/sport/betting/legal-states/new-jersey.htm,Best NJ Betting Apps 2025,Lewis Humphries,Not Started,High,,,,best nj betting apps,20,PHASE 1,Month 2
,,Pennsylvania,,https://www.topendsports.com/sport/betting/legal-states/pennsylvania.htm,Best PA Sports Betting Apps,Lewis Humphries,Not Started,High,,,,best pa betting apps,30,PHASE 1,Month 2
,,Illinois,,https://www.topendsports.com/sport/betting/legal-states/illinois.htm,Best Illinois Betting Apps,Tom Goldsmith,Not Started,Medium,,,,illinois betting apps,40,PHASE 1,Month 2
,,Ohio,,https://www.topendsports.com/sport/betting/legal-states/ohio.htm,Best Ohio Betting Apps,Tom Goldsmith,Not Started,Medium,,,,ohio betting apps,50,PHASE 1,Month 2
,,Michigan,,https://www.topendsports.com/sport/betting/legal-states/michigan.htm,Best Michigan Betting Apps,Tom Goldsmith,Not Started,Medium,,,,michigan betting apps,35,PHASE 1,Month 2
,,Massachusetts,,https://www.topendsports.com/sport/betting/legal-states/massachusetts.htm,Best MA Betting Apps,Tom Goldsmith,Not Started,Medium,,,,massachusetts betting apps,30,PHASE 1,Month 2
,,Arizona,,https://www.topendsports.com/sport/betting/legal-states/arizona.htm,Best Arizona Betting Apps,Tom Goldsmith,Not Started,Low,,,,arizona betting apps,25,PHASE 1,Month 2
,,Colorado,,https://www.topendsports.com/sport/betting/legal-states/colorado.htm,Best Colorado Betting Apps,Tom Goldsmith,Not Started,Low,,,,colorado betting apps,25,PHASE 1,Month 2
,Daily Content,,,https://www.topendsports.com/sport/betting/today/index.htm,Best Bets Today Hub,Lewis Humphries,Not Started,High,,,,best bets today,1200,PHASE 2,Phase 2 hub
,,Picks,,https://www.topendsports.com/sport/betting/today/expert-picks.htm,Today's Expert Picks,Lewis Humphries,Not Started,High,,,,expert picks today,2800,PHASE 2,Phase 2
,,Odds,,https://www.topendsports.com/sport/betting/today/odds.htm,Today's Betting Odds,Lewis Humphries,Not Started,High,,,,betting odds today,3500,PHASE 2,Phase 2
,,Live Scores,,https://www.topendsports.com/sport/betting/scores.htm,Live Scores & Odds,Tom Goldsmith,Not Started,Medium,,,,live scores,12000,PHASE 2,Phase 2
,Legal About,,,https://www.topendsports.com/sport/betting/responsible-gambling.htm,Responsible Gambling,N/A,Not Started,Required,,,,responsible gambling,800,PHASE 1,Required compliance page
,,,,https://www.topendsports.com/sport/betting/about.htm,About Our Ratings,N/A,Not Started,Low,,,,about us,50,PHASE 1,
,,,,https://www.topendsports.com/sport/betting/contact.htm,Contact Us,N/A,Not Started,Low,,,,contact,100,PHASE 1,
UK Betting,,,https://www.topendsports.com/sport/betting/uk/index.htm,Best Betting Sites UK,Lewis Humphries,Not Started,Critical,,,,best betting sites uk,3200,PHASE 1,UK Market Hub - Ahrefs researched
,Comparison Pages,,https://www.topendsports.com/sport/betting/uk/betting-apps.htm,Best Betting Apps UK,Lewis Humphries,Not Started,High,,,,best betting apps uk,450,PHASE 1,UK Market
,,New Sites,https://www.topendsports.com/sport/betting/uk/new-betting-sites.htm,New Betting Sites UK,Lewis Humphries,Not Started,High,,,,new betting sites uk,1800,PHASE 1,UK Market - Separate parent topic confirmed
,,Free Bets,https://www.topendsports.com/sport/betting/uk/free-bets.htm,Free Bets UK,Lewis Humphries,Not Started,Critical,,,,free bets uk,1600,PHASE 1,UK Market - High volume
,,Betting Offers,https://www.topendsports.com/sport/betting/uk/betting-offers.htm,Betting Offers UK,Lewis Humphries,Not Started,High,,,,new customer betting offers,1200,PHASE 1,UK Market - 37K traffic potential
,,Football Betting,https://www.topendsports.com/sport/betting/uk/football-betting-sites.htm,Football Betting Sites UK,Tom Goldsmith,Not Started,High,,,,football betting sites,3100,PHASE 1,UK Market
,,Horse Racing,https://www.topendsports.com/sport/betting/uk/horse-racing-betting.htm,Horse Racing Betting Sites,Tom Goldsmith,Not Started,Medium,,,,horse racing betting sites,2200,PHASE 1,UK Market
,Sportsbook Reviews,,https://www.topendsports.com/sport/betting/uk/bet442-review.htm,Bet442 Sport Review,Lewis Humphries,Not Started,Critical,,,,bet442 sport,,PHASE 1,UK Brand #1
,,LuckyMate,https://www.topendsports.com/sport/betting/uk/luckymate-review.htm,LuckyMate Sport Review,Lewis Humphries,Not Started,Critical,,,,luckymate sport,,PHASE 1,UK Brand #2
,,NRGbet,https://www.topendsports.com/sport/betting/uk/nrgbet-review.htm,NRGbet Sports Review,Lewis Humphries,Not Started,High,,,,nrgbet sports,,PHASE 1,UK Brand #3
,,Myriadplay,https://www.topendsports.com/sport/betting/uk/myriadplay-review.htm,Myriadplay Sport Review,Tom Goldsmith,Not Started,High,,,,myriadplay sport,,PHASE 1,UK Brand #4
,,7Bet,https://www.topendsports.com/sport/betting/uk/7bet-review.htm,7Bet Sport Review,Tom Goldsmith,Not Started,High,,,,7bet sport,,PHASE 1,UK Brand #5
,,7Bet Promo,https://www.topendsports.com/sport/betting/uk/7bet-promo-code.htm,7Bet Promo Code,Tom Goldsmith,Not Started,High,,,,7bet promo code,200,PHASE 1,UK Brand #5 Promo - 200 volume
,,Mr Luck,https://www.topendsports.com/sport/betting/uk/mrluck-review.htm,Mr Luck Sport Review,Tom Goldsmith,Not Started,Medium,,,,mr luck sport,,PHASE 1,UK Brand #6
,,MogoBet,https://www.topendsports.com/sport/betting/uk/mogobet-review.htm,MogoBet Sport Review,Tom Goldsmith,Not Started,Medium,,,,mogobet sport,,PHASE 1,UK Brand #7
,,Highbet,https://www.topendsports.com/sport/betting/uk/highbet-review.htm,Highbet Sport Review,Tom Goldsmith,Not Started,Low,,,,highbet sport,,PHASE 1,UK Brand #8
,,Highbet Promo,https://www.topendsports.com/sport/betting/uk/highbet-promo-code.htm,Highbet Promo Code,Tom Goldsmith,Not Started,Low,,,,highbet promo code,150,PHASE 1,UK Brand #8 Promo - 150 volume
,,22bet,https://www.topendsports.com/sport/betting/uk/22bet-review.htm,22bet Sport Review,Tom Goldsmith,Not Started,Medium,,,,22bet uk,,PHASE 1,UK Brand - Also in IE
,,22bet Promo,https://www.topendsports.com/sport/betting/uk/22bet-promo-code.htm,22bet Promo Code,Tom Goldsmith,Not Started,Medium,,,,22bet promo code,300,PHASE 1,UK Brand Promo - 300 volume
Ireland Betting,,,https://www.topendsports.com/sport/betting/ireland/index.htm,Best Betting Sites Ireland,Lewis Humphries,Not Started,Critical,,,,best betting sites ireland,450,PHASE 1,Ireland Market Hub - Ahrefs researched
,Comparison Pages,,https://www.topendsports.com/sport/betting/ireland/betting-apps.htm,Best Betting Apps Ireland,Lewis Humphries,Not Started,High,,,,best betting apps ireland,150,PHASE 1,Ireland Market
,,Free Bets,https://www.topendsports.com/sport/betting/ireland/free-bets.htm,Free Bets Ireland,Lewis Humphries,Not Started,High,,,,free bets ireland,150,PHASE 1,Ireland Market
,Sportsbook Reviews,,https://www.topendsports.com/sport/betting/ireland/lunubet-review.htm,Lunubet Sport Review,Lewis Humphries,Not Started,Critical,,,,lunubet sport,,PHASE 1,Ireland Brand #1
,,Betalright,https://www.topendsports.com/sport/betting/ireland/betalright-review.htm,Betalright Sports Review,Lewis Humphries,Not Started,Critical,,,,betalright sports,,PHASE 1,Ireland Brand #2
,,Casina,https://www.topendsports.com/sport/betting/ireland/casina-review.htm,Casina Sport Review,Lewis Humphries,Not Started,High,,,,casina sport,,PHASE 1,Ireland Brand #3
,,Festival Play,https://www.topendsports.com/sport/betting/ireland/festivalplay-review.htm,Festival Play Sport Review,Tom Goldsmith,Not Started,High,,,,festival play sport,,PHASE 1,Ireland Brand #4
,,Millioner,https://www.topendsports.com/sport/betting/ireland/millioner-review.htm,Millioner Sport Review,Tom Goldsmith,Not Started,High,,,,millioner sport,,PHASE 1,Ireland Brand #5
,,Betovo,https://www.topendsports.com/sport/betting/ireland/betovo-review.htm,Betovo Sport Review,Tom Goldsmith,Not Started,Medium,,,,betovo sport,,PHASE 1,Ireland Brand #6
,,22bet,https://www.topendsports.com/sport/betting/ireland/22bet-review.htm,22bet Sport Review,Tom Goldsmith,Not Started,Medium,,,,22bet ireland,,PHASE 1,Ireland Brand #7
,,Big Clash,https://www.topendsports.com/sport/betting/ireland/bigclash-review.htm,Big Clash Sport Review,Tom Goldsmith,Not Started,Medium,,,,big clash sport,,PHASE 1,Ireland Brand #8
,,Rabona,https://www.topendsports.com/sport/betting/ireland/rabona-review.htm,Rabona Sports Review,Tom Goldsmith,Not Started,Low,,,,rabona sports,,PHASE 1,Ireland Brand #9
,,Wonder Luck,https://www.topendsports.com/sport/betting/ireland/wonderluck-review.htm,Wonder Luck Sport Review,Tom Goldsmith,Not Started,Low,,,,wonder luck sport,,PHASE 1,Ireland Brand #10
Canada Betting,,,https://www.topendsports.com/sport/betting/canada/index.htm,Best Sports Betting Sites Canada,Lewis Humphries,Not Started,Critical,,,,sports betting canada,2400,PHASE 1,Canada Market Hub - Ahrefs researched (Non-Ontario)
,Comparison Pages,,https://www.topendsports.com/sport/betting/canada/betting-apps.htm,Best Sports Betting Apps Canada,Lewis Humphries,Not Started,High,,,,betting apps canada,600,PHASE 1,Canada Market
,,New Sites,https://www.topendsports.com/sport/betting/canada/new-betting-sites.htm,New Betting Sites Canada,Tom Goldsmith,Not Started,Medium,,,,new betting sites canada,200,PHASE 1,Canada Market
,Sportsbook Reviews,,https://www.topendsports.com/sport/betting/canada/treasurespins-review.htm,Treasure Spins Sport Review,Lewis Humphries,Not Started,Critical,,,,treasure spins sport,,PHASE 1,Canada Brand #1 - Sports verified
,,Royalistplay,https://www.topendsports.com/sport/betting/canada/royalistplay-review.htm,Royalistplay Sport Review,Lewis Humphries,Not Started,Critical,,,,royalistplay sport,,PHASE 1,Canada Brand #2 - Sports verified
,,Wyns,https://www.topendsports.com/sport/betting/canada/wyns-review.htm,Wyns Sport Review,Lewis Humphries,Not Started,High,,,,wyns sport,,PHASE 1,Canada Brand #3 - Sports verified
,,Lucky7even,https://www.topendsports.com/sport/betting/canada/lucky7even-review.htm,Lucky7even Sport Review,Tom Goldsmith,Not Started,High,,,,lucky7even sport,,PHASE 1,Canada Brand #4 - Sports status unclear
,,Festival Play,https://www.topendsports.com/sport/betting/canada/festivalplay-review.htm,Festival Play Sport Review,Tom Goldsmith,Not Started,High,,,,festival play sport,,PHASE 1,Canada Brand #5 - Sports verified
,,Lizaro,https://www.topendsports.com/sport/betting/canada/lizaro-review.htm,Lizaro Sport Review,Tom Goldsmith,Not Started,Medium,,,,lizaro sport,,PHASE 1,Canada Brand #6 - Sports verified
,,Legendplay,https://www.topendsports.com/sport/betting/canada/legendplay-review.htm,Legendplay Sport Review,Tom Goldsmith,Not Started,Medium,,,,legendplay sport,,PHASE 1,Canada Brand #7 - Sports verified
,,Funbet,https://www.topendsports.com/sport/betting/canada/funbet-review.htm,Funbet Sport Review,Tom Goldsmith,Not Started,Medium,,,,funbet sport,,PHASE 1,Canada Brand #8 - Sports verified
,,DirectionBet,https://www.topendsports.com/sport/betting/canada/directionbet-review.htm,DirectionBet Sport Review,Tom Goldsmith,Not Started,Low,,,,directionbet sport,,PHASE 1,Canada Brand #9 - Sports verified
