Level 1,Level 2,Level 3,Level 4,Full URL,Research Summary,Writer Brief Link,AI Brief Link,Page Name,Status,Priority,Target Keywords,Volume,Notes,
Homepage,,,,/es/apuestas/index.htm,Research summary HP,Writer Brief Betting HP,AI Enhancement HP,Mejores Casas de Apuestas Deportivas USA 2025,PHASE 1,Critical,"mejores casas de apuestas, apuestas deportivas","2200, 4500",USA 2025 for US market,
,Páginas Comparativas,,,/es/apuestas/mejores-apps.htm,Research Summary Mejores Apps,Writer Brief Mejores apps,AI ENHANCEMENT BRIEF Mejores Apps,Mejores Apps de Apuestas Deportivas,PHASE 1,Critical,"apps de apuestas deportivas,aplicaciones de apuestas deportivas","250, 600",US sportsbook apps,
,,Mejores Bonos,,/es/apuestas/mejores-bonos.htm,RESEARCH SUMMARY: Mejores Bonos de Casas de Apuestas,WRITER BRIEF Mejores Bonos de Casas de Apuestas,AI ENHANCEMENT BRIEF: Mejores Bonos de Casas de Apuestas,Mejores Bonos de Casas de Apuestas,PHASE 1,Critical,bonos apuestas deportivas,400,"FanDuel, DK bonuses",
,,Comparar Casas,,/es/apuestas/comparar-casas.htm,,,,Comparar Casas de Apuestas USA,PHASE 1,High,comparar casas apuestas,100,US market comparison,
,,Mejores Cuotas,,/es/apuestas/comparar-cuotas.htm,,,,Comparador de Cuotas Deportivas,PHASE 1,High,comparar cuotas,50,Odds comparison,
,,Apuestas en Vivo,,/es/apuestas/apuestas-en-vivo.htm,,,,Mejores Sitios Apuestas en Vivo,PHASE 1,High,apuestas en vivo,200,Live betting Spanish,
,,Apuestas Combinadas,,/es/apuestas/apuestas-combinadas.htm,,,,Apuestas Combinadas - Parlays,PHASE 1,High,"apuestas combinadas, parlays",150,Same game parlays,
,,Mejores Props,,/es/apuestas/mejores-props.htm,,,,Mejores Sitios para Props,PHASE 1,High,props apuestas,80,NEW - Props comparison,
,,Sitios PayPal,,/es/apuestas/sitios-paypal.htm,,,,Casas de Apuestas con PayPal,PHASE 1,Medium,apuestas paypal,50,Payment methods,
,,Nuevos Sitios,,/es/apuestas/nuevos-sitios.htm,,,,Nuevos Sitios de Apuestas 2025,PHASE 1,Medium,nuevos sitios apuestas,30,New sportsbooks,
,Bonos y Promociones,,,/es/apuestas/bonos/index.htm,,,,Guía de Bonos y Promociones,PHASE 1,High,bonos apuestas,200,NEW - Bonus hub,
,,Bonos Sin Depósito,,/es/apuestas/bonos/sin-deposito.htm,,,,Bonos Sin Depósito USA,PHASE 1,CRITICAL,bonos sin deposito,800,NEW - 4.6K traffic potential!,
,,Apuestas Gratis,,/es/apuestas/bonos/apuestas-gratis.htm,,,,Apuestas Gratis y Free Bets,PHASE 1,High,apuestas gratis,150,NEW - Free bets guide,
,,Bonos Bienvenida,,/es/apuestas/bonos/bienvenida.htm,,,,Mejores Bonos de Bienvenida,PHASE 1,High,bonos bienvenida,120,NEW - Welcome bonuses,
,,Bonos Recarga,,/es/apuestas/bonos/recarga.htm,,,,Bonos de Recarga,PHASE 1,Medium,bonos recarga,60,NEW - Reload bonuses,
,,Bonos Referido,,/es/apuestas/bonos/referido.htm,,,,Bonos de Referido,PHASE 1,Medium,bonos referido,40,NEW - Referral bonuses,
,,Programas Lealtad,,/es/apuestas/bonos/programas-lealtad.htm,,,,Programas de Lealtad,PHASE 1,Medium,programas lealtad,30,NEW - Loyalty programs,
,,Promociones Semanales,,/es/apuestas/bonos/promociones-semanales.htm,,,,Promociones Semanales,PHASE 1,Medium,promociones semanales,50,NEW - Weekly promos,
,Reseñas Casas,,,/es/apuestas/resenas/index.htm,,,,Reseñas de Casas de Apuestas,PHASE 1,High,reseñas casas apuestas,100,Reviews hub,
,,FanDuel,,/es/apuestas/fanduel-resena.htm,,,,Reseña FanDuel Sportsbook,PHASE 1,Critical,fanduel español,50,Week 1,
,,,Código,/es/apuestas/fanduel-codigo-promocional.htm,,,,Código Promocional FanDuel 2025,PHASE 1,Critical,fanduel codigo promocional,8600,Week 1 - HUGE volume,
,,,Bonos,/es/apuestas/fanduel-bonos.htm,,,,Bonos y Promociones FanDuel,PHASE 1,High,fanduel bonos,200,NEW - Additional promo page,
,,DraftKings,,/es/apuestas/draftkings-resena.htm,,,,Reseña DraftKings Sportsbook,PHASE 1,Critical,draftkings español,100,Week 1,
,,,Código,/es/apuestas/draftkings-codigo-promocional.htm,,,,Código Promocional DraftKings,PHASE 1,Critical,draftkings codigo promocional,35000,Week 1 - HIGHEST volume,
,,,Bonos,/es/apuestas/draftkings-bonos.htm,,,,Bonos y Promociones DraftKings,PHASE 1,High,draftkings bonos,300,NEW - Additional promo page,
,,BetMGM,,/es/apuestas/betmgm-resena.htm,,,,Reseña BetMGM Sportsbook,PHASE 1,Critical,betmgm español,50,Week 1,
,,,Código,/es/apuestas/betmgm-codigo-bono.htm,,,,Código de Bono BetMGM,PHASE 1,Critical,betmgm codigo,20000,Week 1,
,,,Bonos,/es/apuestas/betmgm-bonos.htm,,,,Bonos y Promociones BetMGM,PHASE 1,High,betmgm bonos,250,NEW - Additional promo page,
,,Caesars,,/es/apuestas/caesars-resena.htm,,,,Reseña Caesars Sportsbook,PHASE 1,High,caesars sportsbook,600,Week 2,
,,,Código,/es/apuestas/caesars-codigo-promocional.htm,,,,Código Promocional Caesars,PHASE 1,High,caesars codigo,3100,Week 2,
,,ESPN BET,,/es/apuestas/espn-bet-resena.htm,,,,Reseña ESPN BET,PHASE 1,Critical,espn bet español,700,Week 3,
,,,Código,/es/apuestas/espn-bet-codigo.htm,,,,Código Promocional ESPN BET,PHASE 1,Critical,espn bet codigo,16000,Week 3,
,,Fanatics,,/es/apuestas/fanatics-resena.htm,,,,Reseña Fanatics Sportsbook,PHASE 1,High,fanatics sportsbook,500,Week 2,
,,,Código,/es/apuestas/fanatics-codigo.htm,,,,Código Fanatics 2025,PHASE 1,High,fanatics codigo,3500,Week 2,
,,Bet365,,/es/apuestas/bet365-resena.htm,,,,Reseña Bet365 USA,PHASE 1,High,bet365 español usa,200,Week 2,
,,BetRivers,,/es/apuestas/betrivers-resena.htm,,,,Reseña BetRivers,PHASE 1,Medium,betrivers,300,Week 4,
,,Hard Rock,,/es/apuestas/hard-rock-resena.htm,,,,Reseña Hard Rock Bet,PHASE 1,Low,hard rock bet,150,Month 2,
,,PointsBet,,/es/apuestas/pointsbet-resena.htm,,,,Reseña PointsBet,PHASE 1,Low,pointsbet,200,Month 2,
,DFS Pick'em,,,/es/apuestas/dfs/index.htm,,,,Mejores Sitios DFS 2025,PHASE 1,High,dfs español,50,DFS hub Spanish,
,,PrizePicks,,/es/apuestas/prizepicks-resena.htm,,,,Reseña PrizePicks,PHASE 1,Critical,prizepicks,266000,Week 2 - MASSIVE,
,,,NFL,/es/apuestas/dfs/prizepicks/nfl.htm,,,,PrizePicks NFL en Español,PHASE 2,Medium,prizepicks nfl,1200,Daily content,
,,,NBA,/es/apuestas/dfs/prizepicks/nba.htm,,,,PrizePicks NBA en Español,PHASE 2,High,prizepicks nba,1400,Daily content,
,,,MLB,/es/apuestas/dfs/prizepicks/mlb.htm,,,,PrizePicks MLB en Español,PHASE 2,Medium,prizepicks mlb,800,Daily content,
,,Underdog,,/es/apuestas/underdog-fantasy-resena.htm,,,,Reseña Underdog Fantasy,PHASE 1,Critical,underdog fantasy,53000,Week 2,
,,,NBA,/es/apuestas/dfs/underdog/nba.htm,,,,Underdog NBA en Español,PHASE 2,Low,underdog nba,200,Daily content,
,,FanDuel DFS,,/es/apuestas/fanduel-dfs.htm,,,,FanDuel DFS Guía,PHASE 1,Medium,fanduel dfs,800,Month 2,
,,DraftKings DFS,,/es/apuestas/draftkings-dfs.htm,,,,DraftKings DFS Guía,PHASE 1,Medium,draftkings dfs,700,Month 2,
,Liga MX,,,/es/apuestas/liga-mx/index.htm,,,,Apuestas Liga MX - Mejores Sitios,PHASE 1,CRITICAL,"liga mx, apuestas liga mx",2780000,Week 1 - HIGHEST priority!,
,,Guías,,/es/apuestas/liga-mx/como-apostar.htm,,,,Cómo Apostar a la Liga MX,PHASE 1,Critical,como apostar liga mx,5000,Week 1,
,,,Momios,/es/apuestas/liga-mx/momios.htm,,,,Momios Liga MX Hoy,PHASE 2,Critical,momios liga mx,350,Daily odds,
,,,Pronósticos,/es/apuestas/liga-mx/pronosticos.htm,,,,Pronósticos Liga MX Hoy,PHASE 2,Critical,pronosticos liga mx,1200,Daily predictions,
,,,Spreads,/es/apuestas/liga-mx/handicap.htm,,,,Apuestas Hándicap Liga MX,PHASE 1,High,handicap liga mx,100,NEW - Spread betting,
,,,Totales,/es/apuestas/liga-mx/mas-menos.htm,,,,Apuestas Más/Menos Goles,PHASE 1,High,mas menos goles liga mx,80,NEW - Totals betting,
,,,Moneyline,/es/apuestas/liga-mx/moneyline.htm,,,,Apuestas Moneyline Liga MX,PHASE 1,Medium,moneyline liga mx,60,NEW - Moneyline guide,
,,Rivalidades,,/es/apuestas/liga-mx/clasico-nacional.htm,,,,Apuestas Clásico Nacional - América vs Chivas,PHASE 1,CRITICAL,"america vs chivas, chivas vs america",148000,NEW - Week 1 QUICK WIN! KD:2,
,,,Clásico Regio,/es/apuestas/liga-mx/clasico-regio.htm,,,,Apuestas Clásico Regio - Monterrey vs Tigres,PHASE 1,High,monterrey vs tigres,5000,NEW - Week 2,
,,,Clásico Tapatío,/es/apuestas/liga-mx/clasico-tapatio.htm,,,,Apuestas Clásico Tapatío - Atlas vs Chivas,PHASE 1,Medium,atlas vs chivas,2000,NEW - Week 3,
,,,Clásico Capitalino,/es/apuestas/liga-mx/clasico-capitalino.htm,,,,Apuestas Clásico Capitalino - América vs Pumas,PHASE 1,Medium,america vs pumas,3000,NEW - Week 3,
,,Club América,,/es/apuestas/liga-mx/club-america.htm,,,,Apuestas Club América,PHASE 1,Critical,club america apuestas,283000,Week 2 - HUGE volume,
,,Chivas,,/es/apuestas/liga-mx/chivas.htm,,,,Apuestas Chivas Guadalajara,PHASE 1,Critical,chivas apuestas,285000,Week 2 - HUGE volume,
,,Tigres,,/es/apuestas/liga-mx/tigres.htm,,,,Apuestas Tigres UANL,PHASE 1,High,tigres apuestas,50000,Week 3,
,,Rayados,,/es/apuestas/liga-mx/monterrey.htm,,,,Apuestas Monterrey Rayados,PHASE 1,High,monterrey apuestas,40000,Week 3,
,,Cruz Azul,,/es/apuestas/liga-mx/cruz-azul.htm,,,,Apuestas Cruz Azul,PHASE 1,High,cruz azul apuestas,30000,Week 3,
,,Pumas,,/es/apuestas/liga-mx/pumas.htm,,,,Apuestas Pumas UNAM,PHASE 1,Medium,pumas apuestas,25000,Week 4,
,,Atlas,,/es/apuestas/liga-mx/atlas.htm,,,,Apuestas Atlas FC,PHASE 1,Medium,atlas apuestas,15000,NEW - Month 2,
,,Leon,,/es/apuestas/liga-mx/leon.htm,,,,Apuestas Club León,PHASE 1,Medium,leon apuestas,12000,NEW - Month 2,
,,Santos,,/es/apuestas/liga-mx/santos.htm,,,,Apuestas Santos Laguna,PHASE 1,Low,santos apuestas,8000,NEW - Month 2,
,,Liguilla,,/es/apuestas/liga-mx/liguilla.htm,,,,Apuestas Liguilla MX,SEASONAL,Critical,liguilla apuestas,15000,Playoffs - Dec/May,
,,Props,,/es/apuestas/liga-mx/props/index.htm,,,,Props Liga MX - Mejores Sitios,PHASE 1,High,props liga mx,200,NEW - Props hub,
,,,Goleador,/es/apuestas/liga-mx/props/goleador.htm,,,,Apuestas Goleador Liga MX,PHASE 1,High,goleador liga mx,150,NEW - Goal scorer props,
,,,Primer Gol,/es/apuestas/liga-mx/props/primer-gol.htm,,,,Apuestas Primer Gol,PHASE 1,Medium,primer gol,80,NEW - First goal props,
,,,Corners,/es/apuestas/liga-mx/props/corners.htm,,,,Apuestas Corners Liga MX,PHASE 1,Medium,corners liga mx,40,NEW - Corner props,
,,,Tarjetas,/es/apuestas/liga-mx/props/tarjetas.htm,,,,Apuestas Tarjetas Amarillas/Rojas,PHASE 1,Medium,tarjetas liga mx,30,NEW - Cards props,
,,,Tiros a Gol,/es/apuestas/liga-mx/props/tiros-gol.htm,,,,Apuestas Tiros a Gol,PHASE 1,Low,tiros gol,20,NEW - Shots on goal,
,,,Asistencias,/es/apuestas/liga-mx/props/asistencias.htm,,,,Apuestas Asistencias,PHASE 1,Low,asistencias,15,NEW - Assists props,
,,Futures,,/es/apuestas/liga-mx/futures/index.htm,,,,Futures Liga MX,PHASE 1,High,futures liga mx,100,NEW - Futures hub,
,,,Campeón,/es/apuestas/liga-mx/futures/campeon.htm,,,,Apuestas Campeón Liga MX,PHASE 1,High,campeon liga mx,200,NEW - Championship winner,
,,,Goleador,/es/apuestas/liga-mx/futures/goleador.htm,,,,Apuestas Máximo Goleador,PHASE 1,Medium,goleador liga mx,150,NEW - Top scorer,
,,,Liguilla Odds,/es/apuestas/liga-mx/futures/liguilla-odds.htm,,,,Cuotas Liguilla Liga MX,SEASONAL,High,cuotas liguilla,100,NEW - Playoff odds,
,,Datos y Estadísticas,,/es/apuestas/liga-mx/partidos-hoy.htm,,,,Liga MX Partidos Hoy,PHASE 2,Critical,liga mx hoy,5000,NEW - Daily matchups,
,,,Tabla,/es/apuestas/liga-mx/tabla-posiciones.htm,,,,Tabla de Posiciones Liga MX,PHASE 2,High,tabla liga mx,3000,NEW - Standings,
,,,Lesiones,/es/apuestas/liga-mx/lesiones.htm,,,,Reporte de Lesiones Liga MX,PHASE 2,Medium,lesiones liga mx,500,NEW - Injury report,
,,,Estadísticas,/es/apuestas/liga-mx/estadisticas.htm,,,,Estadísticas Liga MX,PHASE 2,Medium,estadisticas liga mx,800,NEW - Statistics,
,,,Tendencias,/es/apuestas/liga-mx/tendencias.htm,,,,Tendencias de Apuestas Liga MX,PHASE 2,Medium,tendencias liga mx,200,NEW - Betting trends,
,,Picks Jornadas,,/es/apuestas/liga-mx/picks-jornada-1.htm,,,,Picks Liga MX Jornada 1,PHASE 2,High,picks jornada 1,300,NEW - Jornada 1 picks,
,,,Jornada 2,/es/apuestas/liga-mx/picks-jornada-2.htm,,,,Picks Liga MX Jornada 2,PHASE 2,High,picks jornada 2,300,NEW - Jornada 2 picks,
,,,Jornada 3,/es/apuestas/liga-mx/picks-jornada-3.htm,,,,Picks Liga MX Jornada 3,PHASE 2,High,picks jornada 3,300,NEW - Jornada 3 picks,
,,,Jornada 4,/es/apuestas/liga-mx/picks-jornada-4.htm,,,,Picks Liga MX Jornada 4,PHASE 2,High,picks jornada 4,300,NEW - Jornada 4 picks,
,,,Jornada 5,/es/apuestas/liga-mx/picks-jornada-5.htm,,,,Picks Liga MX Jornada 5,PHASE 2,High,picks jornada 5,300,NEW - Jornada 5 picks,
,,,Jornada 6-17,Continue pattern for remaining Jornadas,,,,Picks Jornadas 6-17,PHASE 2,High,picks jornada X,300,NEW - 12 more jornada pages,
,Boxeo,,,/es/apuestas/boxeo/index.htm,,,,Apuestas de Boxeo - Mejores Sitios,PHASE 1,Critical,"boxeo apuestas, apuestas boxeo",600,Week 1,
,,Canelo,,/es/apuestas/boxeo/canelo-alvarez.htm,,,,Apuestas Canelo Álvarez - Próxima Pelea,PHASE 1,CRITICAL,"canelo pelea, canelo alvarez",283000,Week 1 - HUGE!,
,,,Siguiente Pelea,/es/apuestas/boxeo/canelo-proxima-pelea.htm,,,,Canelo Próxima Pelea 2025,PHASE 1,Critical,canelo proxima pelea,14000,Update per fight,
,,,Historial,/es/apuestas/boxeo/canelo-historial.htm,,,,Historial de Peleas Canelo,PHASE 1,High,canelo historial,5000,NEW - Fight history,
,,Ryan Garcia,,/es/apuestas/boxeo/ryan-garcia.htm,,,,Apuestas Ryan Garcia,PHASE 1,Critical,ryan garcia pelea,247000,Week 1 - HUGE!,
,,,Próxima Pelea,/es/apuestas/boxeo/ryan-garcia-proxima.htm,,,,Ryan Garcia Próxima Pelea,PHASE 1,High,ryan garcia proxima pelea,8000,NEW - Next fight,
,,Otros Boxeadores,,/es/apuestas/boxeo/jaime-munguia.htm,,,,Apuestas Jaime Munguia,PHASE 1,Medium,jaime munguia,15000,NEW - Mexican boxer,
,,,David Benavidez,/es/apuestas/boxeo/david-benavidez.htm,,,,Apuestas David Benavidez,PHASE 1,Medium,david benavidez,20000,NEW - Mexican-American,
,,,Oscar Valdez,/es/apuestas/boxeo/oscar-valdez.htm,,,,Apuestas Oscar Valdez,PHASE 1,Medium,oscar valdez,8000,NEW - Mexican boxer,
,,Guías,,/es/apuestas/boxeo/como-apostar.htm,,,,Cómo Apostar al Boxeo,PHASE 1,High,como apostar boxeo,200,Week 2,
,,,Tipos Apuestas,/es/apuestas/boxeo/tipos-apuestas-boxeo.htm,,,,Tipos de Apuestas de Boxeo,PHASE 1,Medium,apuestas boxeo tipos,80,Week 3,
,,,KO/TKO,/es/apuestas/boxeo/apuestas-ko.htm,,,,Apuestas KO/TKO,PHASE 1,Medium,apuestas ko,60,NEW - KO betting,
,,,Rounds,/es/apuestas/boxeo/apuestas-rounds.htm,,,,Apuestas Total de Rounds,PHASE 1,Medium,apuestas rounds,50,NEW - Rounds betting,
,,,Decisión,/es/apuestas/boxeo/apuestas-decision.htm,,,,Apuestas por Decisión,PHASE 1,Low,apuestas decision,40,NEW - Decision betting,
,,Props,,/es/apuestas/boxeo/props/index.htm,,,,Props de Boxeo,PHASE 1,Medium,props boxeo,100,NEW - Props hub,
,,,KO Específico,/es/apuestas/boxeo/props/ko-especifico.htm,,,,Apuestas Round Específico KO,PHASE 1,Low,ko round especifico,30,NEW - Specific round KO,
,,,Método Victoria,/es/apuestas/boxeo/props/metodo-victoria.htm,,,,Apuestas Método de Victoria,PHASE 1,Low,metodo victoria,25,NEW - Method of victory,
,,Futures,,/es/apuestas/boxeo/futures/index.htm,,,,Futures de Boxeo,PHASE 1,Medium,futures boxeo,80,NEW - Futures hub,
,,,Campeón Peso Welter,/es/apuestas/boxeo/futures/campeon-welter.htm,,,,Apuestas Campeón Peso Welter,PHASE 1,Low,campeon welter,50,NEW - Welterweight champ,
,,,Campeón Peso Medio,/es/apuestas/boxeo/futures/campeon-medio.htm,,,,Apuestas Campeón Peso Medio,PHASE 1,Low,campeon medio,40,NEW - Middleweight champ,
,,,Pelea del Año,/es/apuestas/boxeo/futures/pelea-año.htm,,,,Apuestas Pelea del Año,PHASE 1,Low,pelea del año,30,NEW - Fight of the year,
,Fútbol,,,/es/apuestas/futbol/index.htm,,,,Apuestas de Fútbol - Mejores Sitios,PHASE 1,Critical,apuestas futbol,2100,Week 1,
,,Champions League,,/es/apuestas/futbol/champions-league.htm,,,,Apuestas Champions League,PHASE 1,Critical,champions league español,190000,Week 1 - Spanish broadcast,
,,,Pronósticos,/es/apuestas/futbol/champions/pronosticos.htm,,,,Pronósticos Champions League,PHASE 2,Critical,pronosticos champions,5000,Daily content,
,,,Fase Grupos,/es/apuestas/futbol/champions/fase-grupos.htm,,,,Apuestas Fase de Grupos,PHASE 1,High,fase grupos champions,800,NEW - Group stage,
,,,Octavos,/es/apuestas/futbol/champions/octavos.htm,,,,Apuestas Octavos de Final,PHASE 1,High,octavos champions,1200,NEW - Round of 16,
,,,Cuartos,/es/apuestas/futbol/champions/cuartos.htm,,,,Apuestas Cuartos de Final,PHASE 1,Medium,cuartos champions,900,NEW - Quarter finals,
,,,Semifinales,/es/apuestas/futbol/champions/semifinales.htm,,,,Apuestas Semifinales,PHASE 1,High,semifinales champions,1500,NEW - Semifinals,
,,,Final,/es/apuestas/futbol/champions/final.htm,,,,Apuestas Final Champions League,SEASONAL,Critical,final champions,5000,NEW - Final match,
,,,Futures,/es/apuestas/futbol/champions/futures/campeon.htm,,,,Cuotas Campeón Champions,PHASE 1,High,campeon champions,2000,NEW - Winner odds,
,,,Goleador,/es/apuestas/futbol/champions/futures/goleador.htm,,,,Apuestas Máximo Goleador Champions,PHASE 1,Medium,goleador champions,800,NEW - Top scorer,
,,Copa América,,/es/apuestas/futbol/copa-america.htm,,,,Apuestas Copa América 2025,PHASE 1,Critical,copa america apuestas,11000,June-July seasonal,
,,,Fase Grupos,/es/apuestas/futbol/copa-america/fase-grupos.htm,,,,Apuestas Fase de Grupos,SEASONAL,High,fase grupos copa,500,NEW - Group stage,
,,,Cuartos,/es/apuestas/futbol/copa-america/cuartos.htm,,,,Apuestas Cuartos de Final,SEASONAL,High,cuartos copa america,400,NEW - Quarter finals,
,,,Final,/es/apuestas/futbol/copa-america/final.htm,,,,Apuestas Final Copa América,SEASONAL,Critical,final copa america,2000,NEW - Final match,
,,Copa Libertadores,,/es/apuestas/futbol/copa-libertadores.htm,,,,Apuestas Copa Libertadores,PHASE 1,Critical,"libertadores, copa libertadores",85000,South American,
,,,Final,/es/apuestas/futbol/libertadores/final.htm,,,,Apuestas Final Libertadores,SEASONAL,Critical,final libertadores,10000,November,
,,,Fase Grupos,/es/apuestas/futbol/libertadores/fase-grupos.htm,,,,Apuestas Fase de Grupos Libertadores,PHASE 1,Medium,fase grupos libertadores,600,NEW - Group stage,
,,,Octavos,/es/apuestas/futbol/libertadores/octavos.htm,,,,Apuestas Octavos Libertadores,PHASE 1,Medium,octavos libertadores,500,NEW - Round of 16,
,,,Futures,/es/apuestas/futbol/libertadores/futures/campeon.htm,,,,Cuotas Campeón Libertadores,PHASE 1,High,campeon libertadores,1500,NEW - Winner odds,
,,Torneos Sudamericanos,,,,,,/es/apuestas/futbol/conmebol/index.htm,Apuestas CONMEBOL - Torneos Sudamericanos,PHASE 1,High,conmebol,25000,NEW - South American tournaments
,,,Copa Sudamericana,/es/apuestas/futbol/copa-sudamericana.htm,,,,Apuestas Copa Sudamericana,PHASE 1,High,copa sudamericana,8000,NEW - Week 3,
,,,Final Sudamericana,/es/apuestas/futbol/copa-sudamericana/final.htm,,,,Apuestas Final Copa Sudamericana,SEASONAL,High,final copa sudamericana,2000,NEW - November final,
,,,Futures Sudamericana,/es/apuestas/futbol/copa-sudamericana/futures/campeon.htm,,,,Cuotas Campeón Copa Sudamericana,PHASE 1,Medium,campeon copa sudamericana,500,NEW - Winner odds,
,,,Recopa,/es/apuestas/futbol/recopa-sudamericana.htm,,,,Apuestas Recopa Sudamericana,SEASONAL,Medium,recopa sudamericana,1200,NEW - February match,
,,Concacaf,,/es/apuestas/futbol/concacaf/index.htm,,,,Apuestas Concacaf,PHASE 1,High,concacaf,25000,NEW - Concacaf hub,
,,,Nations League,/es/apuestas/futbol/concacaf/nations-league.htm,,,,Apuestas Nations League Concacaf,PHASE 1,CRITICAL,nations league concacaf,198000,NEW - HUGE 198K searches!,
,,,Nations Final,/es/apuestas/futbol/concacaf/nations-league-final.htm,,,,Apuestas Final Nations League,SEASONAL,Critical,final nations league,5000,NEW - Finals,
,,,Gold Cup,/es/apuestas/futbol/concacaf/gold-cup.htm,,,,Apuestas Gold Cup,SEASONAL,Critical,gold cup,8000,NEW - Gold Cup,
,,,Gold Cup Final,/es/apuestas/futbol/concacaf/gold-cup-final.htm,,,,Apuestas Final Gold Cup,SEASONAL,Critical,final gold cup,2000,NEW - Gold Cup final,
,,MLS,,/es/apuestas/futbol/mls.htm,,,,Apuestas MLS,PHASE 1,High,apuestas mls,150,US soccer league,
,,,MLS Playoffs,/es/apuestas/futbol/mls/playoffs.htm,,,,Apuestas Playoffs MLS,SEASONAL,High,playoffs mls,300,NEW - MLS playoffs,
,,,MLS Cup,/es/apuestas/futbol/mls/mls-cup.htm,,,,Apuestas MLS Cup,SEASONAL,High,mls cup,800,NEW - MLS Cup final,
,,Selección México,,/es/apuestas/futbol/mexico/index.htm,,,,Apuestas Selección Mexicana,PHASE 1,CRITICAL,"seleccion mexicana, el tri",55000,NEW - Expanded national team hub,
,,,México Partidos,/es/apuestas/futbol/mexico/partidos.htm,,,,Calendario y Apuestas México,PHASE 1,Critical,mexico partidos,10000,NEW - Match schedule,
,,,México vs USA,/es/apuestas/futbol/mexico/mexico-vs-usa.htm,,,,Apuestas México vs Estados Unidos,PHASE 1,Critical,mexico vs usa,8000,NEW - USA rivalry,
,,,México Futures,/es/apuestas/futbol/mexico/futures/index.htm,,,,Futures Selección Mexicana,PHASE 1,High,futures mexico,500,NEW - Mexico futures,
,,Argentina,,,,,,/es/apuestas/futbol/argentina/index.htm,Apuestas Fútbol Argentino,PHASE 1,High,futbol argentino,20000,Argentine soccer hub
,,,Liga Profesional,/es/apuestas/futbol/argentina/liga-profesional.htm,,,,Apuestas Liga Profesional Argentina,PHASE 1,High,liga profesional argentina,1300,NEW - Argentine league hub,
,,,River Plate,/es/apuestas/futbol/argentina/river-plate.htm,,,,Apuestas River Plate,PHASE 1,High,river plate,44000,Week 2,
,,,Boca Juniors,/es/apuestas/futbol/argentina/boca-juniors.htm,,,,Apuestas Boca Juniors,PHASE 1,High,boca juniors,46000,Week 2,
,,,Superclásico,/es/apuestas/futbol/argentina/superclasico.htm,,,,Apuestas Superclásico - Boca vs River,PHASE 1,Critical,boca vs river,15000,NEW - Biggest Argentine rivalry,
,,,Racing,/es/apuestas/futbol/argentina/racing.htm,,,,Apuestas Racing Club,PHASE 1,Medium,racing club,8000,NEW - Week 4,
,,,San Lorenzo,/es/apuestas/futbol/argentina/san-lorenzo.htm,,,,Apuestas San Lorenzo,PHASE 1,Medium,san lorenzo,6000,NEW - Week 4,
,,,Independiente,/es/apuestas/futbol/argentina/independiente.htm,,,,Apuestas Independiente,PHASE 1,Medium,independiente,3900,NEW - Month 2,
,,,Vélez,/es/apuestas/futbol/argentina/velez.htm,,,,Apuestas Vélez Sarsfield,PHASE 1,Low,velez,3000,NEW - Month 2,
,,,Rosario Central,/es/apuestas/futbol/argentina/rosario-central.htm,,,,Apuestas Rosario Central,PHASE 1,Low,rosario central,2500,NEW - Month 2,
,,,Props Argentina,/es/apuestas/futbol/argentina/props/goleador.htm,,,,Apuestas Goleador Liga Argentina,PHASE 1,Low,goleador argentina,80,NEW - Top scorer props,
,,,Futures Argentina,/es/apuestas/futbol/argentina/futures/campeon.htm,,,,Cuotas Campeón Liga Argentina,PHASE 1,Medium,campeon argentina,400,NEW - Championship odds,
,,Brasil,,,,,,/es/apuestas/futbol/brasil/index.htm,Apuestas Brasileirão - Fútbol Brasileño,PHASE 1,CRITICAL,"brasileirao, campeonato brasileiro",61000,NEW - HUGE 61K searches!
,,,Guías Brasil,/es/apuestas/futbol/brasil/como-apostar.htm,,,,Cómo Apostar al Brasileirão,PHASE 1,High,como apostar brasileirao,500,NEW - Brazilian league guide,
,,,Handicap Brasil,/es/apuestas/futbol/brasil/handicap.htm,,,,Apuestas Hándicap Brasileirão,PHASE 1,Medium,handicap brasileirao,100,NEW - Spread betting,
,,,Totales Brasil,/es/apuestas/futbol/brasil/mas-menos.htm,,,,Apuestas Más/Menos Goles Brasil,PHASE 1,Medium,mas menos brasileirao,80,NEW - Totals betting,
,,,Flamengo,/es/apuestas/futbol/brasil/flamengo.htm,,,,Apuestas Flamengo,PHASE 1,CRITICAL,flamengo,88000,NEW - MASSIVE 88K! Week 2,
,,,Flamengo Pronósticos,/es/apuestas/futbol/brasil/flamengo-pronosticos.htm,,,,Pronósticos Flamengo Hoy,PHASE 2,High,pronosticos flamengo,1000,NEW - Daily predictions,
,,,Corinthians,/es/apuestas/futbol/brasil/corinthians.htm,,,,Apuestas Corinthians,PHASE 1,CRITICAL,corinthians,72000,NEW - 72K searches! Week 2,
,,,Palmeiras,/es/apuestas/futbol/brasil/palmeiras.htm,,,,Apuestas Palmeiras,PHASE 1,CRITICAL,palmeiras,55000,NEW - 55K searches! Week 2,
,,,São Paulo,/es/apuestas/futbol/brasil/sao-paulo.htm,,,,Apuestas São Paulo FC,PHASE 1,High,sao paulo fc,13000,NEW - Week 3,
,,,Grêmio,/es/apuestas/futbol/brasil/gremio.htm,,,,Apuestas Grêmio,PHASE 1,High,gremio,14000,NEW - Week 3,
,,,Santos,/es/apuestas/futbol/brasil/santos.htm,,,,Apuestas Santos FC,PHASE 1,High,santos fc,17000,NEW - Week 3,
,,,Atlético Mineiro,/es/apuestas/futbol/brasil/atletico-mineiro.htm,,,,Apuestas Atlético Mineiro,PHASE 1,Medium,atletico mineiro,6700,NEW - Week 4,
,,,Fluminense,/es/apuestas/futbol/brasil/fluminense.htm,,,,Apuestas Fluminense,PHASE 1,Medium,fluminense,5000,NEW - Month 2,
,,,Internacional,/es/apuestas/futbol/brasil/internacional.htm,,,,Apuestas Internacional,PHASE 1,Medium,internacional,4000,NEW - Month 2,
,,,Fla-Flu,/es/apuestas/futbol/brasil/fla-flu.htm,,,,Apuestas Fla-Flu (Flamengo vs Fluminense),PHASE 1,High,fla flu,3000,NEW - Classic rivalry,
,,,Clássico Paulista,/es/apuestas/futbol/brasil/classico-paulista.htm,,,,Clássico Paulista - Corinthians vs Palmeiras,PHASE 1,High,corinthians vs palmeiras,5000,NEW - Week 3,
,,,Grenal,/es/apuestas/futbol/brasil/grenal.htm,,,,Apuestas Grenal - Grêmio vs Internacional,PHASE 1,Medium,grenal,2000,NEW - Week 4,
,,,Props Brasil,/es/apuestas/futbol/brasil/props/goleador.htm,,,,Apuestas Goleador Brasileirão,PHASE 1,Medium,goleador brasileirao,150,NEW - Goal scorer props,
,,,Futures Brasil,/es/apuestas/futbol/brasil/futures/campeon.htm,,,,Cuotas Campeón Brasileirão,PHASE 1,High,campeon brasileirao,800,NEW - Championship odds,
,,,Tabla Brasil,/es/apuestas/futbol/brasil/tabla-posiciones.htm,,,,Tabla de Posiciones Brasileirão,PHASE 2,Medium,tabla brasileirao,2000,NEW - Standings table,
,,,Partidos Brasil,/es/apuestas/futbol/brasil/partidos-hoy.htm,,,,Brasileirão Partidos Hoy,PHASE 2,High,brasileirao hoy,1500,NEW - Daily matches,
,,Colombia,,,,,,/es/apuestas/futbol/colombia/index.htm,Apuestas Liga BetPlay - Fútbol Colombiano,PHASE 1,CRITICAL,"liga betplay colombia, liga colombiana",103000,NEW - MASSIVE 103K parent volume!
,,,Guías Colombia,/es/apuestas/futbol/colombia/como-apostar.htm,,,,Cómo Apostar a la Liga Colombiana,PHASE 1,High,como apostar liga colombiana,400,NEW - Colombian league guide,
,,,Millonarios,/es/apuestas/futbol/colombia/millonarios.htm,,,,Apuestas Millonarios FC,PHASE 1,CRITICAL,millonarios,27000,NEW - 27K searches! Week 2,
,,,América de Cali,/es/apuestas/futbol/colombia/america-cali.htm,,,,Apuestas América de Cali,PHASE 1,CRITICAL,america de cali,34000,NEW - 34K searches! Week 2,
,,,Atlético Nacional,/es/apuestas/futbol/colombia/atletico-nacional.htm,,,,Apuestas Atlético Nacional,PHASE 1,High,atletico nacional,12000,NEW - Week 3,
,,,Junior,/es/apuestas/futbol/colombia/junior.htm,,,,Apuestas Junior de Barranquilla,PHASE 1,Medium,junior barranquilla,8000,NEW - Week 3,
,,,Santa Fe,/es/apuestas/futbol/colombia/santa-fe.htm,,,,Apuestas Independiente Santa Fe,PHASE 1,Medium,santa fe,6000,NEW - Week 4,
,,,Deportivo Cali,/es/apuestas/futbol/colombia/deportivo-cali.htm,,,,Apuestas Deportivo Cali,PHASE 1,Medium,deportivo cali,7000,NEW - Week 4,
,,,Clásico Bogotano,/es/apuestas/futbol/colombia/clasico-bogotano.htm,,,,Clásico Bogotano - Millonarios vs Santa Fe,PHASE 1,High,millonarios vs santa fe,3000,NEW - Bogotá rivalry,
,,,Clásico Vallecaucano,/es/apuestas/futbol/colombia/clasico-vallecaucano.htm,,,,Clásico Vallecaucano - América vs Deportivo Cali,PHASE 1,Medium,america vs deportivo cali,2000,NEW - Cali rivalry,
,,,Props Colombia,/es/apuestas/futbol/colombia/props/goleador.htm,,,,Apuestas Goleador Liga BetPlay,PHASE 1,Medium,goleador liga betplay,100,NEW - Top scorer,
,,,Futures Colombia,/es/apuestas/futbol/colombia/futures/campeon.htm,,,,Cuotas Campeón Liga BetPlay,PHASE 1,High,campeon liga colombiana,500,NEW - Championship odds,
,,,Tabla Colombia,/es/apuestas/futbol/colombia/tabla-posiciones.htm,,,,Tabla Liga BetPlay,PHASE 2,Medium,tabla liga colombiana,1200,NEW - Standings,
,,Chile,,,,,,/es/apuestas/futbol/chile/index.htm,Apuestas Liga Chilena,PHASE 1,Medium,liga chilena,1000,NEW - Chilean league
,,,Guías Chile,/es/apuestas/futbol/chile/como-apostar.htm,,,,Cómo Apostar a la Liga Chilena,PHASE 1,Medium,como apostar liga chilena,150,NEW - How to bet guide,
,,,Colo-Colo,/es/apuestas/futbol/chile/colo-colo.htm,,,,Apuestas Colo-Colo,PHASE 1,High,colo colo,5700,NEW - 5.7K searches! Week 3,
,,,Universidad de Chile,/es/apuestas/futbol/chile/universidad-chile.htm,,,,Apuestas Universidad de Chile,PHASE 1,Medium,universidad de chile,4000,NEW - Week 3,
,,,Universidad Católica,/es/apuestas/futbol/chile/catolica.htm,,,,Apuestas Universidad Católica,PHASE 1,Medium,catolica chile,2500,NEW - Week 4,
,,,Superclásico Chile,/es/apuestas/futbol/chile/superclasico.htm,,,,Superclásico Chileno - Colo-Colo vs U de Chile,PHASE 1,High,colo colo vs u de chile,2000,NEW - Chilean rivalry,
,,,Futures Chile,/es/apuestas/futbol/chile/futures/campeon.htm,,,,Cuotas Campeón Liga Chilena,PHASE 1,Medium,campeon liga chilena,300,NEW - Championship odds,
,,Ecuador,,,,,,/es/apuestas/futbol/ecuador/index.htm,Apuestas Liga Ecuatoriana,PHASE 1,Medium,liga ecuatoriana,1800,NEW - Ecuadorian league
,,,Guías Ecuador,/es/apuestas/futbol/ecuador/como-apostar.htm,,,,Cómo Apostar a la Liga Ecuatoriana,PHASE 1,Medium,como apostar liga ecuador,100,NEW - How to bet guide,
,,,Barcelona SC,/es/apuestas/futbol/ecuador/barcelona-sc.htm,,,,Apuestas Barcelona SC,PHASE 1,Medium,barcelona sc,3000,NEW - Week 4,
,,,Emelec,/es/apuestas/futbol/ecuador/emelec.htm,,,,Apuestas Emelec,PHASE 1,Medium,emelec,2500,NEW - Week 4,
,,,LDU Quito,/es/apuestas/futbol/ecuador/ldu-quito.htm,,,,Apuestas LDU Quito,PHASE 1,Medium,ldu quito,2000,NEW - Month 2,
,,,Clásico Astillero,/es/apuestas/futbol/ecuador/clasico-astillero.htm,,,,Clásico del Astillero - Barcelona vs Emelec,PHASE 1,Medium,barcelona vs emelec,1000,NEW - Guayaquil rivalry,
,,,Futures Ecuador,/es/apuestas/futbol/ecuador/futures/campeon.htm,,,,Cuotas Campeón Liga Ecuatoriana,PHASE 1,Low,campeon liga ecuador,200,NEW - Championship odds,
,,Perú,,,,,,/es/apuestas/futbol/peru/index.htm,Apuestas Liga Peruana,PHASE 1,Medium,liga peru,450,NEW - Peruvian league
,,,Guías Perú,/es/apuestas/futbol/peru/como-apostar.htm,,,,Cómo Apostar a la Liga Peruana,PHASE 1,Low,como apostar liga peru,80,NEW - How to bet guide,
,,,Universitario,/es/apuestas/futbol/peru/universitario.htm,,,,Apuestas Universitario de Deportes,PHASE 1,Medium,universitario peru,3000,NEW - Week 4,
,,,Alianza Lima,/es/apuestas/futbol/peru/alianza-lima.htm,,,,Apuestas Alianza Lima,PHASE 1,Medium,alianza lima,2800,NEW - Week 4,
,,,Sporting Cristal,/es/apuestas/futbol/peru/sporting-cristal.htm,,,,Apuestas Sporting Cristal,PHASE 1,Low,sporting cristal,1500,NEW - Month 2,
,,,Clásico Peruano,/es/apuestas/futbol/peru/clasico.htm,,,,Clásico Peruano - Universitario vs Alianza,PHASE 1,Medium,universitario vs alianza,800,NEW - Peru's biggest rivalry,
,,,Futures Perú,/es/apuestas/futbol/peru/futures/campeon.htm,,,,Cuotas Campeón Liga Peruana,PHASE 1,Low,campeon liga peru,150,NEW - Championship odds,
,,Uruguay,,,,,,/es/apuestas/futbol/uruguay/index.htm,Apuestas Liga Uruguaya,PHASE 1,Medium,liga uruguaya,800,NEW - Uruguayan league
,,,Guías Uruguay,/es/apuestas/futbol/uruguay/como-apostar.htm,,,,Cómo Apostar a la Liga Uruguaya,PHASE 1,Low,como apostar liga uruguay,60,NEW - How to bet guide,
,,,Peñarol,/es/apuestas/futbol/uruguay/penarol.htm,,,,Apuestas Peñarol,PHASE 1,Medium,peñarol,4100,NEW - Week 4,
,,,Nacional,/es/apuestas/futbol/uruguay/nacional.htm,,,,Apuestas Nacional,PHASE 1,Medium,nacional uruguay,1500,NEW - Week 4,
,,,Clásico Uruguayo,/es/apuestas/futbol/uruguay/clasico.htm,,,,Clásico Uruguayo - Peñarol vs Nacional,PHASE 1,High,peñarol vs nacional,1200,NEW - Biggest Uruguayan rivalry,
,,,Futures Uruguay,/es/apuestas/futbol/uruguay/futures/campeon.htm,,,,Cuotas Campeón Liga Uruguaya,PHASE 1,Low,campeon liga uruguay,100,NEW - Championship odds,
,,La Liga,,/es/apuestas/futbol/la-liga.htm,,,,Apuestas La Liga Española,PHASE 1,High,apuestas la liga,500,Spanish league,
,,,El Clásico,/es/apuestas/futbol/la-liga/el-clasico.htm,,,,Apuestas El Clásico - Real Madrid vs Barcelona,PHASE 1,High,el clasico,12000,NEW - Biggest rivalry,
,,Premier League,,/es/apuestas/futbol/premier-league.htm,,,,Apuestas Premier League,PHASE 1,Medium,premier league,1000,English league,
,,Mundial,,/es/apuestas/futbol/mundial-2026.htm,,,,Apuestas Mundial 2026,FUTURE,Critical,mundial 2026,5000,USA/Canada/Mexico,
,,,Mundial Grupos,/es/apuestas/futbol/mundial-2026/fase-grupos.htm,,,,Apuestas Fase de Grupos Mundial,FUTURE,Critical,grupos mundial,2000,NEW - Group stage,
,,,Mundial Final,/es/apuestas/futbol/mundial-2026/final.htm,,,,Apuestas Final Mundial,FUTURE,Critical,final mundial,5000,NEW - Final match,
,,Props Fútbol,,/es/apuestas/futbol/props/index.htm,,,,Props de Fútbol,PHASE 1,Medium,props futbol,150,NEW - Soccer props hub,
,,,Goleador,/es/apuestas/futbol/props/goleador.htm,,,,Apuestas Goleador,PHASE 1,Medium,goleador,100,NEW - Goal scorer,
,,,Corners,/es/apuestas/futbol/props/corners.htm,,,,Apuestas Corners,PHASE 1,Medium,apuestas corners,40,NEW - Corner kicks,
,,,Tarjetas,/es/apuestas/futbol/props/tarjetas.htm,,,,Apuestas Tarjetas,PHASE 1,Low,apuestas tarjetas,30,NEW - Cards,
,Béisbol Caribeño,,,/es/apuestas/beisbol/index.htm,,,,Apuestas Béisbol Caribeño,PHASE 1,High,beisbol caribeño,500,NEW - Caribbean baseball hub,
,,LIDOM,,,,,,/es/apuestas/beisbol/lidom/index.htm,Apuestas LIDOM - Béisbol Dominicano,PHASE 1,CRITICAL,lidom,16000,NEW - HUGE 16K searches!
,,,Guías LIDOM,/es/apuestas/beisbol/lidom/como-apostar.htm,,,,Cómo Apostar a LIDOM,PHASE 1,High,como apostar lidom,200,NEW - How to bet guide,
,,,Tigres Licey,/es/apuestas/beisbol/lidom/tigres-licey.htm,,,,Apuestas Tigres del Licey,PHASE 1,High,tigres licey,3000,NEW - Week 3,
,,,Águilas Cibaeñas,/es/apuestas/beisbol/lidom/aguilas.htm,,,,Apuestas Águilas Cibaeñas,PHASE 1,High,aguilas cibaenas,2500,NEW - Week 3,
,,,Leones Escogido,/es/apuestas/beisbol/lidom/leones-escogido.htm,,,,Apuestas Leones del Escogido,PHASE 1,Medium,leones escogido,2000,NEW - Week 4,
,,,Estrellas Orientales,/es/apuestas/beisbol/lidom/estrellas-orientales.htm,,,,Apuestas Estrellas Orientales,PHASE 1,Medium,estrellas orientales,1500,NEW - Week 4,
,,,Toros Este,/es/apuestas/beisbol/lidom/toros-este.htm,,,,Apuestas Toros del Este,PHASE 1,Medium,toros del este,1200,NEW - Month 2,
,,,Gigantes Cibao,/es/apuestas/beisbol/lidom/gigantes-cibao.htm,,,,Apuestas Gigantes del Cibao,PHASE 1,Medium,gigantes cibao,1000,NEW - Month 2,
,,,Pronósticos LIDOM,/es/apuestas/beisbol/lidom/pronosticos.htm,,,,Pronósticos LIDOM Hoy,PHASE 2,High,pronosticos lidom,400,NEW - Daily predictions,
,,,Futures LIDOM,/es/apuestas/beisbol/lidom/futures/campeon.htm,,,,Cuotas Campeón LIDOM,SEASONAL,High,campeon lidom,500,NEW - Championship odds (Oct-Feb),
,,LVBP,,,,,,/es/apuestas/beisbol/lvbp/index.htm,Apuestas LVBP - Béisbol Venezolano,PHASE 1,CRITICAL,"lvbp, beisbol venezolano",7700,NEW - 7.7K searches!
,,,Guías LVBP,/es/apuestas/beisbol/lvbp/como-apostar.htm,,,,Cómo Apostar a LVBP,PHASE 1,High,como apostar lvbp,150,NEW - How to bet guide,
,,,Magallanes,/es/apuestas/beisbol/lvbp/magallanes.htm,,,,Apuestas Navegantes del Magallanes,PHASE 1,High,magallanes,2500,NEW - Week 3,
,,,Cardenales,/es/apuestas/beisbol/lvbp/cardenales-lara.htm,,,,Apuestas Cardenales de Lara,PHASE 1,High,cardenales lara,2000,NEW - Week 3,
,,,Leones Caracas,/es/apuestas/beisbol/lvbp/leones-caracas.htm,,,,Apuestas Leones del Caracas,PHASE 1,High,leones caracas,2200,NEW - Week 4,
,,,Tiburones,/es/apuestas/beisbol/lvbp/tiburones.htm,,,,Apuestas Tiburones de La Guaira,PHASE 1,Medium,tiburones la guaira,1500,NEW - Week 4,
,,,Águilas Zulia,/es/apuestas/beisbol/lvbp/aguilas-zulia.htm,,,,Apuestas Águilas del Zulia,PHASE 1,Medium,aguilas zulia,1200,NEW - Month 2,
,,,Bravos,/es/apuestas/beisbol/lvbp/bravos-margarita.htm,,,,Apuestas Bravos de Margarita,PHASE 1,Medium,bravos margarita,1000,NEW - Month 2,
,,,Pronósticos LVBP,/es/apuestas/beisbol/lvbp/pronosticos.htm,,,,Pronósticos LVBP Hoy,PHASE 2,High,pronosticos lvbp,300,NEW - Daily predictions,
,,,Futures LVBP,/es/apuestas/beisbol/lvbp/futures/campeon.htm,,,,Cuotas Campeón LVBP,SEASONAL,High,campeon lvbp,400,NEW - Championship odds (Oct-Jan),
,,Puerto Rico,,,,,,/es/apuestas/beisbol/puerto-rico/index.htm,Apuestas Béisbol Puerto Rico,PHASE 1,Medium,puerto rico beisbol,450,NEW - Puerto Rican baseball
,,,Guías PR,/es/apuestas/beisbol/puerto-rico/como-apostar.htm,,,,Cómo Apostar al Béisbol Puertorriqueño,PHASE 1,Low,como apostar beisbol pr,50,NEW - How to bet guide,
,,,Cangrejeros,/es/apuestas/beisbol/puerto-rico/cangrejeros.htm,,,,Apuestas Cangrejeros de Santurce,PHASE 1,Medium,cangrejeros santurce,800,NEW - Month 2,
,,,Criollos,/es/apuestas/beisbol/puerto-rico/criollos-caguas.htm,,,,Apuestas Criollos de Caguas,PHASE 1,Medium,criollos caguas,600,NEW - Month 2,
,MLB,,,/es/apuestas/mlb/index.htm,,,,Apuestas MLB - Béisbol,PHASE 1,High,"apuestas mlb, apuestas beisbol",500,Week 3 - Caribbean focus,
,,Guías,,/es/apuestas/mlb/como-apostar.htm,,,,Cómo Apostar al MLB,PHASE 1,High,como apostar mlb,100,Week 3,
,,,Run Line,/es/apuestas/mlb/run-line.htm,,,,Apuestas Run Line MLB,PHASE 1,Medium,run line,80,Week 4,
,,,Totales,/es/apuestas/mlb/totales.htm,,,,Apuestas Totales MLB,PHASE 1,Medium,totales mlb,60,NEW - Totals betting,
,,,Moneyline,/es/apuestas/mlb/moneyline.htm,,,,Apuestas Moneyline MLB,PHASE 1,Medium,moneyline mlb,50,NEW - Moneyline guide,
,,,Primer Inning,/es/apuestas/mlb/primer-inning.htm,,,,Apuestas Primer Inning,PHASE 1,Low,primer inning,40,NEW - First inning,
,,Pronósticos,,/es/apuestas/mlb/pronosticos.htm,,,,Pronósticos MLB Hoy,PHASE 2,High,pronosticos mlb,800,Daily predictions,
,,Serie del Caribe,,/es/apuestas/mlb/serie-del-caribe.htm,,,,Apuestas Serie del Caribe,SEASONAL,Critical,serie del caribe,11000,Feb - Caribbean series,
,,,Equipos,/es/apuestas/mlb/serie-del-caribe/equipos.htm,,,,Equipos Serie del Caribe,SEASONAL,High,equipos serie caribe,1000,NEW - Teams guide,
,,,Pronósticos,/es/apuestas/mlb/serie-del-caribe/pronosticos.htm,,,,Pronósticos Serie del Caribe,SEASONAL,High,pronosticos serie caribe,800,NEW - Daily predictions,
,,Serie Mundial,,/es/apuestas/mlb/serie-mundial.htm,,,,Apuestas Serie Mundial,SEASONAL,Critical,serie mundial mlb,5000,October/November,
,,,Serie Mundial Futures,/es/apuestas/mlb/serie-mundial/futures.htm,,,,Cuotas Serie Mundial,PHASE 1,High,cuotas serie mundial,1500,NEW - World Series odds,
,,Props MLB,,/es/apuestas/mlb/props/index.htm,,,,Props MLB,PHASE 1,Medium,props mlb,200,NEW - Props hub,
,,,Jonrones,/es/apuestas/mlb/props/jonrones.htm,,,,Apuestas Jonrones,PHASE 1,Medium,jonrones,150,NEW - Home runs,
,,,Ponches,/es/apuestas/mlb/props/ponches.htm,,,,Apuestas Ponches,PHASE 1,Medium,ponches,100,NEW - Strikeouts,
,,,NRFI YRFI,/es/apuestas/mlb/props/nrfi-yrfi.htm,,,,Apuestas NRFI YRFI,PHASE 1,High,nrfi yrfi,80,NEW - No run first inning,
,,,Hits,/es/apuestas/mlb/props/hits.htm,,,,Apuestas Hits Jugador,PHASE 1,Low,hits jugador,60,NEW - Player hits,
,,Datos MLB,,/es/apuestas/mlb/partidos-hoy.htm,,,,MLB Partidos Hoy,PHASE 2,High,mlb hoy,2000,NEW - Daily matchups,
,,,Clasificación,/es/apuestas/mlb/clasificacion.htm,,,,Clasificación MLB,PHASE 2,Medium,clasificacion mlb,800,NEW - Standings,
,,,Clima,/es/apuestas/mlb/clima.htm,,,,Reporte Clima MLB,PHASE 2,Medium,clima mlb,300,NEW - Weather report,
,,,Lesiones,/es/apuestas/mlb/lesiones.htm,,,,Reporte Lesiones MLB,PHASE 2,Medium,lesiones mlb,400,NEW - Injury report,
,NBA,,,/es/apuestas/nba/index.htm,,,,Apuestas NBA - Baloncesto,PHASE 1,High,apuestas nba,700,Week 3,
,,Guías,,/es/apuestas/nba/como-apostar.htm,,,,Cómo Apostar a la NBA,PHASE 1,High,como apostar nba,50,Week 3,
,,,Spreads,/es/apuestas/nba/spread.htm,,,,Apuestas Spread NBA,PHASE 1,Medium,spread nba,60,NEW - Spread betting,
,,,Totales,/es/apuestas/nba/totales.htm,,,,Apuestas Totales NBA,PHASE 1,Medium,totales nba,50,NEW - Totals betting,
,,,Moneyline,/es/apuestas/nba/moneyline.htm,,,,Apuestas Moneyline NBA,PHASE 1,Medium,moneyline nba,40,NEW - Moneyline guide,
,,,En Vivo,/es/apuestas/nba/en-vivo.htm,,,,Apuestas NBA en Vivo,PHASE 1,Medium,nba en vivo,80,NEW - Live betting,
,,Pronósticos,,/es/apuestas/nba/pronosticos.htm,,,,Pronósticos NBA Hoy,PHASE 2,High,pronosticos nba,800,Daily Spanish predictions,
,,En Español,,/es/apuestas/nba/nba-en-espanol.htm,,,,NBA en Español - Ver y Apostar,PHASE 1,High,nba en español,2600,Spanish broadcasts,
,,Props NBA,,/es/apuestas/nba/props/index.htm,,,,Props NBA,PHASE 1,High,props nba,400,NEW - Props hub,
,,,Puntos,/es/apuestas/nba/props/puntos-jugador.htm,,,,Apuestas Puntos Jugador,PHASE 1,High,puntos jugador nba,200,NEW - Points props,
,,,Rebotes,/es/apuestas/nba/props/rebotes.htm,,,,Apuestas Rebotes,PHASE 1,Medium,rebotes nba,100,NEW - Rebounds props,
,,,Asistencias,/es/apuestas/nba/props/asistencias.htm,,,,Apuestas Asistencias,PHASE 1,Medium,asistencias nba,80,NEW - Assists props,
,,,Triple Doble,/es/apuestas/nba/props/triple-doble.htm,,,,Apuestas Triple Doble,PHASE 1,Medium,triple doble,60,NEW - Triple double,
,,,Primer Canasta,/es/apuestas/nba/props/primer-canasta.htm,,,,Apuestas Primera Canasta,PHASE 1,Low,primera canasta,50,NEW - First basket,
,,Futures NBA,,/es/apuestas/nba/futures/index.htm,,,,Futures NBA,PHASE 1,High,futures nba,300,NEW - Futures hub,
,,,Campeón,/es/apuestas/nba/futures/campeon.htm,,,,Cuotas Campeón NBA,PHASE 1,Critical,campeon nba,1500,NEW - Championship odds,
,,,MVP,/es/apuestas/nba/futures/mvp.htm,,,,Apuestas MVP NBA,PHASE 1,High,mvp nba,800,NEW - MVP odds,
,,,Rookie Año,/es/apuestas/nba/futures/rookie-año.htm,,,,Apuestas Rookie del Año,PHASE 1,Medium,rookie del año,40,NEW - Rookie of the year,
,,,Playoffs,/es/apuestas/nba/futures/playoffs.htm,,,,Cuotas Playoffs NBA,PHASE 1,High,playoffs nba,600,NEW - Playoff odds,
,,Datos NBA,,/es/apuestas/nba/partidos-hoy.htm,,,,NBA Partidos Hoy,PHASE 2,High,nba hoy,3000,NEW - Daily matchups,
,,,Clasificación,/es/apuestas/nba/clasificacion.htm,,,,Clasificación NBA,PHASE 2,Medium,clasificacion nba,1200,NEW - Standings,
,,,Lesiones,/es/apuestas/nba/lesiones.htm,,,,Reporte Lesiones NBA Hoy,PHASE 2,High,lesiones nba,800,NEW - Injury report,
,,,Tendencias,/es/apuestas/nba/tendencias.htm,,,,Tendencias Apuestas NBA,PHASE 2,Medium,tendencias nba,300,NEW - Betting trends,
,Baloncesto Puerto Rico,,,/es/apuestas/baloncesto/puerto-rico/index.htm,,,,Apuestas BSN - Baloncesto Puerto Rico,PHASE 1,Medium,puerto rico basketball,450,NEW - Puerto Rican basketball,
,,Guías BSN,,/es/apuestas/baloncesto/puerto-rico/como-apostar.htm,,,,Cómo Apostar al BSN,PHASE 1,Low,como apostar bsn,40,NEW - How to bet guide,
,,Futures BSN,,/es/apuestas/baloncesto/puerto-rico/futures/campeon.htm,,,,Cuotas Campeón BSN,SEASONAL,Low,campeon bsn,100,NEW - Championship odds,
,NFL,,,/es/apuestas/nfl/index.htm,,,,Apuestas NFL,PHASE 1,Medium,apuestas nfl,200,Week 4,
,,Guías,,/es/apuestas/nfl/como-apostar.htm,,,,Cómo Apostar a la NFL,PHASE 1,Medium,como apostar nfl,50,Week 4,
,,,Spreads,/es/apuestas/nfl/spread.htm,,,,Apuestas Spread NFL,PHASE 1,Medium,spread nfl,80,NEW - Spread betting,
,,,Totales,/es/apuestas/nfl/totales.htm,,,,Apuestas Totales NFL,PHASE 1,Medium,totales nfl,60,NEW - Totals betting,
,,,Moneyline,/es/apuestas/nfl/moneyline.htm,,,,Apuestas Moneyline NFL,PHASE 1,Medium,moneyline nfl,50,NEW - Moneyline guide,
,,,Parlays,/es/apuestas/nfl/parlays.htm,,,,Apuestas Parlay NFL,PHASE 1,High,parlays nfl,100,NEW - Parlay betting,
,,,Teasers,/es/apuestas/nfl/teasers.htm,,,,Apuestas Teaser NFL,PHASE 1,Low,teasers nfl,40,NEW - Teaser betting,
,,,En Vivo,/es/apuestas/nfl/en-vivo.htm,,,,Apuestas NFL en Vivo,PHASE 1,Medium,nfl en vivo,70,NEW - Live betting,
,,En Español,,/es/apuestas/nfl/nfl-en-espanol.htm,,,,NFL en Español - Ver y Apostar,PHASE 1,High,nfl en español,1100,Spanish broadcasts,
,,Super Bowl,,/es/apuestas/nfl/super-bowl/index.htm,,,,Apuestas Super Bowl,SEASONAL,Critical,super bowl apuestas,1500,February,
,,,Super Bowl Guía,/es/apuestas/nfl/super-bowl/como-apostar.htm,,,,Cómo Apostar al Super Bowl,SEASONAL,Critical,como apostar super bowl,500,NEW - How to bet guide,
,,,Super Bowl Props,/es/apuestas/nfl/super-bowl/props.htm,,,,Props Super Bowl,SEASONAL,Critical,props super bowl,800,NEW - Props guide,
,,,Super Bowl Squares,/es/apuestas/nfl/super-bowl/squares.htm,,,,Super Bowl Squares Guía,SEASONAL,High,super bowl squares,400,NEW - Squares guide,
,,Props NFL,,/es/apuestas/nfl/props/index.htm,,,,Props NFL,PHASE 1,High,props nfl,300,NEW - Props hub,
,,,Touchdown,/es/apuestas/nfl/props/anotador-touchdown.htm,,,,Apuestas Anotador Touchdown,PHASE 1,High,touchdown,150,NEW - TD scorer,
,,,Yardas Pase,/es/apuestas/nfl/props/yardas-pase.htm,,,,Apuestas Yardas de Pase,PHASE 1,Medium,yardas pase,100,NEW - Passing yards,
,,,Yardas Carrera,/es/apuestas/nfl/props/yardas-carrera.htm,,,,Apuestas Yardas de Carrera,PHASE 1,Medium,yardas carrera,80,NEW - Rushing yards,
,,,Primer TD,/es/apuestas/nfl/props/primer-touchdown.htm,,,,Apuestas Primer Touchdown,PHASE 1,Medium,primer touchdown,70,NEW - First TD,
,,Futures NFL,,/es/apuestas/nfl/futures/index.htm,,,,Futures NFL,PHASE 1,High,futures nfl,250,NEW - Futures hub,
,,,Super Bowl Odds,/es/apuestas/nfl/futures/super-bowl-odds.htm,,,,Cuotas Super Bowl,PHASE 1,Critical,super bowl odds,2000,NEW - SB odds,
,,,MVP,/es/apuestas/nfl/futures/mvp.htm,,,,Apuestas MVP NFL,PHASE 1,High,mvp nfl,600,NEW - MVP odds,
,,,Playoffs,/es/apuestas/nfl/futures/playoffs.htm,,,,Cuotas Playoffs NFL,PHASE 1,High,playoffs nfl,400,NEW - Playoff odds,
,,Datos NFL,,/es/apuestas/nfl/partidos-hoy.htm,,,,NFL Partidos Hoy,PHASE 2,High,nfl hoy,1500,NEW - Daily matchups,
,,,Clasificación,/es/apuestas/nfl/clasificacion.htm,,,,Clasificación NFL,PHASE 2,Medium,clasificacion nfl,600,NEW - Standings,
,,,Lesiones,/es/apuestas/nfl/lesiones.htm,,,,Reporte Lesiones NFL,PHASE 2,High,lesiones nfl,500,NEW - Injury report,
,,,Clima,/es/apuestas/nfl/clima.htm,,,,Reporte Clima NFL,PHASE 2,Medium,clima nfl,300,NEW - Weather report,
,,Picks Semanales,,/es/apuestas/nfl/picks-semana-1.htm,,,,Picks NFL Semana 1,PHASE 2,High,picks semana 1,200,NEW - Week 1 picks,
,,,Semana 2-18,Continue pattern for all 18 weeks,,,,Picks Semanas 2-18,PHASE 2,High,picks semana X,200,NEW - 17 more weekly pages,
,NCAAF,,,/es/apuestas/ncaaf/index.htm,,,,Apuestas Fútbol Americano Universitario,PHASE 1,Medium,ncaaf,100,NEW - College football,
,,Guías,,/es/apuestas/ncaaf/como-apostar.htm,,,,Cómo Apostar a NCAAF,PHASE 1,Medium,como apostar ncaaf,50,NEW - How to bet guide,
,,Bowl Games,,/es/apuestas/ncaaf/bowl-games.htm,,,,Apuestas Bowl Games,SEASONAL,High,bowl games,500,NEW - December,
,,Playoffs,,/es/apuestas/ncaaf/playoffs.htm,,,,Apuestas Playoffs NCAAF,SEASONAL,High,playoffs ncaaf,400,NEW - December/January,
,NCAAB,,,/es/apuestas/baloncesto/index.htm,,,,Apuestas Baloncesto Universitario,PHASE 1,Medium,ncaab,80,NEW - College basketball hub,
,,March Madness,,/es/apuestas/baloncesto/march-madness/index.htm,,,,Apuestas March Madness,SEASONAL,Critical,march madness,2000,NEW - BUILD BY JANUARY,
,,,Bracket,/es/apuestas/baloncesto/march-madness/bracket.htm,,,,March Madness Bracket Guía,SEASONAL,Critical,bracket march madness,1500,NEW - Bracket guide,
,,,Cómo Apostar,/es/apuestas/baloncesto/march-madness/como-apostar.htm,,,,Cómo Apostar a March Madness,SEASONAL,Critical,como apostar march madness,800,NEW - How to bet,
,,,Final Four,/es/apuestas/baloncesto/march-madness/final-four.htm,,,,Apuestas Final Four,SEASONAL,Critical,final four,1200,NEW - Final Four,
,,,Campeonato,/es/apuestas/baloncesto/march-madness/campeonato.htm,,,,Apuestas Campeonato NCAA,SEASONAL,Critical,campeonato ncaa,600,NEW - Championship,
,UFC,,,/es/apuestas/ufc/index.htm,,,,Apuestas UFC / MMA,PHASE 1,Medium,apuestas ufc,300,Month 2,
,,Guías,,/es/apuestas/ufc/como-apostar.htm,,,,Cómo Apostar a UFC,PHASE 1,Medium,como apostar ufc,80,Month 2,
,,,Tipos Apuestas,/es/apuestas/ufc/tipos-apuestas.htm,,,,Tipos de Apuestas UFC,PHASE 1,Low,tipos apuestas ufc,40,NEW - Bet types,
,,,Props UFC,/es/apuestas/ufc/props.htm,,,,Props UFC,PHASE 1,Low,props ufc,60,NEW - Props guide,
,Guías,,,/es/apuestas/guias/index.htm,,,,Guías Completas de Apuestas Deportivas,PHASE 1,High,guias apuestas,150,Week 4 hub,
,,Básicas,,/es/apuestas/guias/como-apostar.htm,,,,Cómo Apostar en Línea,PHASE 1,Critical,"como apostar, como apostar en linea",200,Week 4,
,,,Principiantes,/es/apuestas/guias/principiantes.htm,,,,Apuestas Deportivas para Principiantes,PHASE 1,High,apuestas principiantes,80,Week 4,
,,,Leer Momios,/es/apuestas/guias/como-leer-momios.htm,,,,Cómo Leer Momios de Apuestas,PHASE 1,High,como leer momios,60,"Use ""momios"" (Mexican term)",
,,,Glosario,/es/apuestas/guias/glosario.htm,,,,Glosario de Términos de Apuestas,PHASE 1,Medium,terminos apuestas,40,Spanish terminology,
,,,Primera Apuesta,/es/apuestas/guias/primera-apuesta.htm,,,,Cómo Hacer tu Primera Apuesta,PHASE 1,Medium,primera apuesta,30,NEW - First bet guide,
,,Tipos de Apuestas,,/es/apuestas/guias/tipos-apuestas.htm,,,,Tipos de Apuestas Deportivas,PHASE 1,High,tipos de apuestas,150,Week 4,
,,,Moneyline,/es/apuestas/guias/moneyline.htm,,,,Apuesta Moneyline Explicada,PHASE 1,High,moneyline,100,,
,,,Spread,/es/apuestas/guias/spread.htm,,,,Apuestas Spread / Hándicap,PHASE 1,High,"spread, handicap",80,,
,,,Más/Menos,/es/apuestas/guias/mas-menos.htm,,,,Apuestas Totales - Más/Menos,PHASE 1,High,"mas menos, over under",100,,
,,,Parlay,/es/apuestas/guias/parlay.htm,,,,Apuestas Parlay - Combinadas,PHASE 1,Critical,"parlay, apuestas combinadas",150,Popular with Latinos,
,,,Props,/es/apuestas/guias/props.htm,,,,Apuestas de Propuestas (Props),PHASE 1,High,props,80,,
,,,En Vivo,/es/apuestas/guias/apuestas-en-vivo.htm,,,,Guía de Apuestas en Vivo,PHASE 1,High,apuestas en vivo,200,,
,,,Spread Alternativo,/es/apuestas/guias/spread-alternativo.htm,,,,Apuestas Spread Alternativo,PHASE 1,Medium,spread alternativo,40,NEW - Alternate spreads,
,,,3-Way Moneyline,/es/apuestas/guias/3-way-moneyline.htm,,,,Apuestas 3-Way Moneyline,PHASE 1,Medium,3 way moneyline,30,NEW - 3-way betting,
,,,Round Robin,/es/apuestas/guias/round-robin.htm,,,,Apuestas Round Robin,PHASE 1,Low,round robin,25,NEW - Round robin,
,,,Teaser,/es/apuestas/guias/teaser.htm,,,,Apuestas Teaser,PHASE 1,Medium,teaser,30,NEW - Teaser betting,
,,,If-Bet,/es/apuestas/guias/if-bet.htm,,,,Apuestas If-Bet (Condicionales),PHASE 1,Low,if bet,20,NEW - Conditional bets,
,,,Apuesta Sistema,/es/apuestas/guias/apuesta-sistema.htm,,,,Apuestas de Sistema,PHASE 1,Low,apuesta sistema,15,NEW - System betting,
,,,Cash Out,/es/apuestas/guias/cash-out.htm,,,,Cash Out - Cobro Anticipado,PHASE 1,Medium,cash out,40,NEW - Early cash out,
,,Estrategia,,/es/apuestas/estrategia/index.htm,,,,Estrategias de Apuestas,PHASE 1,Medium,estrategias apuestas,80,,
,,,Bankroll,/es/apuestas/estrategia/manejo-bankroll.htm,,,,Manejo del Bankroll,PHASE 1,Medium,manejo bankroll,50,,
,,,Value Betting,/es/apuestas/estrategia/value-betting.htm,,,,Value Betting (Valor),PHASE 1,Low,value betting,30,,
,,,Line Shopping,/es/apuestas/estrategia/comparar-lineas.htm,,,,Comparar Líneas de Apuestas,PHASE 1,Medium,comparar lineas,40,NEW - Line shopping,
,,,Sharp vs Public,/es/apuestas/estrategia/dinero-sharp-publico.htm,,,,Dinero Sharp vs Público,PHASE 1,Medium,"sharp money, public money",250,NEW - Sharp vs public money,
,,,Movimiento Líneas,/es/apuestas/estrategia/movimiento-lineas.htm,,,,Movimiento de Líneas,PHASE 1,Medium,reverse line movement,300,NEW - Line movement,
,,,Hándicap Asiático,/es/apuestas/estrategia/handicap-asiatico.htm,,,,Guía Hándicap Asiático,PHASE 1,High,handicap asiatico,700,NEW - Asian handicap (700 vol!),
,,,Apuestas Contrarias,/es/apuestas/estrategia/apuestas-contrarias.htm,,,,Apuestas Contrarias (Contrarian),PHASE 1,Low,apuestas contrarias,30,NEW - Contrarian betting,
,,,Middling,/es/apuestas/estrategia/middling.htm,,,,Estrategia Middling,PHASE 1,Low,middling,20,NEW - Middling strategy,
,,,Arbitraje,/es/apuestas/estrategia/arbitraje.htm,,,,Arbitraje en Apuestas,PHASE 1,Low,arbitraje apuestas,25,NEW - Arbitrage,
,,,Análisis Estadístico,/es/apuestas/estrategia/analisis-estadistico.htm,,,,Análisis Estadístico para Apuestas,PHASE 1,Low,analisis estadistico,30,NEW - Statistical analysis,
,Herramientas,,,/es/apuestas/herramientas/index.htm,,,,Calculadoras de Apuestas,PUBLISHED,Complete,calculadora apuestas,100,Link to existing tools,
,,Calculadora Parlay,,/es/apuestas/herramientas/calculadora-parlay.htm,,,,Calculadora de Parlay,PUBLISHED,Complete,calculadora parlay,150,,
,,Conversor Momios,,/es/apuestas/herramientas/conversor-momios.htm,,,,Conversor de Momios,PUBLISHED,Complete,conversor momios,50,American/Decimal/Fractional,
,,Calculadora Hándicap,,/es/apuestas/herramientas/calculadora-handicap.htm,,,,Calculadora Hándicap,PUBLISHED,Complete,calculadora handicap,40,NEW - Handicap calculator,
,,Calculadora Arbitraje,,/es/apuestas/herramientas/calculadora-arbitraje.htm,,,,Calculadora de Arbitraje,PUBLISHED,Complete,calculadora arbitraje,30,NEW - Arbitrage calculator,
,Pronósticos,,,/es/apuestas/pronosticos/index.htm,,,,Pronósticos Deportivos Gratis,PHASE 2,CRITICAL,pronosticos deportivos,1000,NEW - 296K traffic potential!,
,,Pronósticos Hoy,,/es/apuestas/pronosticos/hoy.htm,,,,Pronósticos de Hoy,PHASE 2,Critical,pronosticos hoy,500,NEW - Daily predictions hub,
,,Pronósticos Gratis,,/es/apuestas/pronosticos/gratis.htm,,,,Pronósticos Gratis Deportivos,PHASE 2,High,pronosticos gratis,200,NEW - Free predictions,
,,Pronósticos NFL,,/es/apuestas/pronosticos/nfl.htm,,,,Pronósticos NFL,PHASE 2,High,pronosticos nfl,300,NEW - NFL predictions,
,,Pronósticos NBA,,/es/apuestas/pronosticos/nba.htm,,,,Pronósticos NBA,PHASE 2,High,pronosticos nba,350,NEW - NBA predictions,
,,Pronósticos MLB,,/es/apuestas/pronosticos/mlb.htm,,,,Pronósticos MLB,PHASE 2,Medium,pronosticos mlb,250,NEW - MLB predictions,
,,Pronósticos Liga MX,,/es/apuestas/pronosticos/liga-mx.htm,,,,Pronósticos Liga MX,PHASE 2,Critical,pronosticos liga mx,400,NEW - Liga MX predictions,
,,Pronósticos Boxeo,,/es/apuestas/pronosticos/boxeo.htm,,,,Pronósticos Boxeo,PHASE 2,Medium,pronosticos boxeo,150,NEW - Boxing predictions,
,Estados Legales,,,/es/apuestas/estados/index.htm,,,,Apuestas Deportivas Legales por Estado,PHASE 1,Medium,apuestas legales estados,100,Month 2,
,,Nueva York,,/es/apuestas/estados/nueva-york.htm,,,,Apuestas Deportivas en Nueva York,PHASE 1,High,apuestas nueva york,50,Large Latino population,
,,Nueva Jersey,,/es/apuestas/estados/nueva-jersey.htm,,,,Apuestas Deportivas en Nueva Jersey,PHASE 1,High,apuestas nueva jersey,40,36% Spanish speakers!,
,,Pennsylvania,,/es/apuestas/estados/pennsylvania.htm,,,,Apuestas en Pennsylvania,PHASE 1,Medium,apuestas pennsylvania,30,,
,,Illinois,,/es/apuestas/estados/illinois.htm,,,,Apuestas en Illinois,PHASE 1,High,apuestas illinois,40,Large Chicago Latino population,
,,Florida,,/es/apuestas/estados/florida.htm,,,,Apuestas en Florida,PHASE 1,High,apuestas florida,60,NEW - Large Latino population,
,,Arizona,,/es/apuestas/estados/arizona.htm,,,,Apuestas en Arizona,PHASE 1,Medium,apuestas arizona,25,,
,,Colorado,,/es/apuestas/estados/colorado.htm,,,,Apuestas en Colorado,PHASE 1,Low,apuestas colorado,20,,
,,Nevada,,/es/apuestas/estados/nevada.htm,,,,Apuestas en Nevada,PHASE 1,Medium,apuestas nevada,35,NEW - Las Vegas,
,,Texas,,/es/apuestas/estados/texas.htm,,,,Apuestas en Texas (Cuando Sea Legal),FUTURE,High,apuestas texas,200,Huge Latino population,
,,California,,/es/apuestas/estados/california.htm,,,,Apuestas California (Cuando Sea Legal),FUTURE,Critical,apuestas california,500,HUGE Latino market,
,Contenido Diario,,,/es/apuestas/hoy/index.htm,,,,Apuestas de Hoy,PHASE 2,High,apuestas de hoy,300,Daily hub,
,,Picks Hoy,,/es/apuestas/hoy/picks-hoy.htm,,,,Picks de Hoy,PHASE 2,High,picks hoy,250,NEW - Today's picks,
,,Pronósticos Hoy,,/es/apuestas/hoy/pronosticos.htm,,,,Pronósticos de Hoy,PHASE 2,High,pronosticos hoy,500,Daily predictions,
,,Momios Hoy,,/es/apuestas/hoy/momios.htm,,,,Momios de Hoy,PHASE 2,High,momios hoy,400,Daily odds,
,,Mejores Apuestas,,/es/apuestas/hoy/mejores-apuestas.htm,,,,Mejores Apuestas de Hoy,PHASE 2,High,mejores apuestas hoy,200,NEW - Best bets today,
,Legal,,,/es/apuestas/juego-responsable.htm,,,,Juego Responsable,PHASE 1,Required,juego responsable,100,Required page,
,,,,/es/apuestas/sobre-nosotros.htm,,,,Sobre Nuestras Reseñas,PHASE 1,Low,sobre nosotros,10,About us,
,,,,/es/apuestas/contacto.htm,,,,Contacto,PHASE 1,Low,contacto,10,Contact,
